id	mode	m5	m10	m15	m20	m25	m30	m35	m40	m45	m50	m55	m60
1	walk_tblr	1.022599789605736	4.877014381196586	77.06089387059392	788.1891735201464	1592.8542366973309	1910.2633843049437	2390.5334641177114	3012.683525790439	3813.3793477205027	5405.49271786976	6512.087786024277	7928.189625300238
2	walk_tblr	1.6006699994422249	1.6006699994422249	3.858025126860747	16.76599217364484	38.38101615520335	472.7895457807707	1929.865843789804	5617.0225459170715	10945.148425473964	15457.561188653006	19380.58882478659	24446.24858350683
3	walk_tblr	65.7571146152036	474.3929536361499	659.2645092963053	875.6053541246191	1075.9549201886086	1369.1237329588173	1788.327624703425	2160.1457286865075	2644.229704025816	2894.6572057942426	3205.1783208709176	3823.5969984062845
4	walk_tblr	0	0	25.048547147275386	30.14106169126691	168.1254344269397	1048.9855415870347	2928.454628778053	3891.4677601976214	4908.614735245392	6014.301079011259	7001.379446842982	8908.743506993467
5	walk_tblr	0	503.95453219618514	1898.3330551077308	3614.2307730995467	4581.097016993398	6845.9527198580245	8935.832618232342	11049.076142175441	12755.086805186282	14624.61367223352	15871.45697646532	17201.249072988012
6	walk_tblr	0	5.188665099555933	413.75926003717854	1590.7329033005315	2652.280817090209	2720.1356094507532	2759.1893556613627	2794.542720410354	2912.3635045715737	3258.809090875488	4126.32140141707	5313.900962299894
7	walk_tblr	0	0	40.035256549703256	71.96240150840636	174.6887380656957	234.45950026147423	444.6610490857582	1241.5957581430575	1594.0976118998533	2594.2010210299877	3293.6188551181053	4062.2278562167694
8	walk_tblr	8.135455477474931	102.50888557435762	347.8282864300892	734.4636092782206	1358.7698233345666	2003.4145908167272	2536.2321692559344	2801.5959532858315	3374.311554081215	4194.004344128844	4659.654712976237	5346.12307962441
9	walk_tblr	136.6605515841831	861.6777252507109	2813.1159118447285	3632.6781211984267	4781.1233546930125	6383.910009684279	9827.28795942906	17394.901815916717	25496.389523921534	41831.84258993647	54869.717611240565	66212.64844276741
10	walk_tblr	0	5.903404623884594	121.9152385107614	245.25840390905026	537.8951380387214	1272.5414393713188	2259.88754545705	3655.381880272564	4322.539673046121	5161.873069523599	5965.90460811201	6897.50536065149
11	walk_tblr	0	96.88605117707198	871.4136917051052	1852.0965431045365	3901.5157561697292	6611.013488964148	10105.286673363824	13567.909618448826	16109.95152324724	18252.035734544042	19345.752997402607	20204.194429766787
12	walk_tblr	0	701.79156489974	4030.1110712143154	7552.8304509074815	13869.718535293521	22359.757689961796	34813.87919092105	51664.66955145629	75210.93878928127	95760.03489578688	116558.28104633722	140592.92791850623
13	walk_tblr	0	794.0254997145576	2973.737422473266	5977.824756402474	10979.218944239385	16533.071290608328	22621.97213893782	26321.63398542007	30879.659705902173	36969.41050455249	46431.92652629396	57823.743826273596
15	walk_tblr	14.484868791618636	85.69842514824337	187.8325148728068	727.5401976680519	1804.650828515423	3461.06218956736	5933.285981753372	8469.111556598304	11771.28925915393	15533.203819803703	20478.448450262378	23230.474908241467
16	walk_tblr	48.791267283114834	266.18394630192057	568.32000665116	1096.3401789468805	1449.7333599523	1760.7710190548794	2064.1597809110353	2639.036137784471	3383.768038811955	4005.3553942222807	4429.395165265837	5184.636768704465
17	walk_tblr	202.93757660125024	963.9487138541363	1945.5553843734824	2711.952723659456	3957.2063436955414	6160.363525303947	7446.472060761216	7789.9856904246035	10154.184582820157	11853.544575545653	14707.94515297378	18065.46106796797
18	walk_tblr	89.00603359640715	133.2225502864678	1113.1961701893993	2280.540860817814	3524.1423302302755	4849.0525303337035	8084.899351743342	11257.46784926781	15297.988424411318	19963.34663540737	24331.89073436734	26657.746362289763
19	walk_tblr	6.148485376459278	14.091153345707868	87.49525521210566	1128.855619740405	2730.5675371956395	5337.319233565273	8877.490751303587	12079.02831765936	15091.160254857965	17601.796094946843	19535.391724087684	21329.823760607673
20	walk_tblr	0	1354.0525294746967	3244.487218086272	5701.200427300898	8729.407328207477	11026.6334681377	13827.162861377245	16584.138819532	17976.89467019994	19096.647653884695	20802.783140459425	25218.506394447304
21	walk_tblr	0	165.36786242010584	2003.0177560633515	6803.642218117294	14119.575279604982	25695.975049257515	35698.83027495657	45882.99231909208	58187.598963615135	74117.25327645641	94121.94187746881	113632.33184190218
22	walk_tblr	144.52975455450922	1472.0280056348286	3809.1335378036642	6700.664529247116	10299.869887810843	14646.716378580784	19842.414939760238	25174.821802541897	28882.37195200168	34992.10135819316	44633.71814753839	54537.44810108129
23	walk_tblr	31.09481173711392	348.06898138285965	1002.8076785219239	1826.11348928869	3141.139435661187	5147.775931991272	7554.752858094099	9222.750515712265	11074.476506794606	13392.145950835073	16043.023155552273	20555.143467241214
24	walk_tblr	0	16.349606171357195	957.6833497121997	1881.7280235895198	2410.776267049318	3313.738017483085	5000.279063825644	6791.929187769533	8295.399084302773	10660.935930114358	12810.279708823586	15247.9950782341
25	walk_tblr	0	3.420488451750383	34.111719026338825	139.49739571815365	301.93250136222946	1078.9369320603244	3652.735169924162	7722.522479330352	12061.937288677	17015.445270254022	21207.26095460631	24087.354038847778
26	walk_tblr	0	225.8993337920726	554.3831814821272	777.0349428987162	1036.404430317169	1332.539202653365	1855.3523147971396	2946.624475149272	4320.547372953194	5255.236162506069	5974.321775040264	6531.429519458773
27	walk_tblr	0	9.092672143715586	429.30919631380465	1139.239556539285	1809.457648740924	3399.052530998024	6126.921898996988	8236.363081756146	11020.105396192746	15618.481271537014	24263.24996169428	28419.266138750478
28	walk_tblr	0	248.32713290757582	819.485142908539	939.9442581131302	1121.9275273474973	1138.6748617624937	1149.2946177017932	1184.5385445763686	1253.2726859835675	1448.3356073232674	1926.904008735447	2979.173117651713
29	walk_tblr	0	353.68898289093744	1338.0799988741405	2037.0927268073444	2627.7074646331967	3579.16158675868	4324.662290709192	7232.04118880906	10235.644339434513	14098.80154078305	18524.019875239093	22400.351893525705
30	walk_tblr	132.67915161887805	382.901094330928	771.9652372486669	1273.7545769417184	2244.7602424940083	2589.5980015387877	2997.411700720627	3402.9486874125723	3751.8118050659336	4063.3158829370573	4158.816526145414	4250.243398101295
31	walk_tblr	24.69536382285972	24.69536382285972	47.90192620108666	628.2459422486979	1898.6226009788495	4835.345852409642	8622.798444937294	10492.095125410715	11955.953006467418	15324.558361463722	18747.73717321357	23024.06116309671
32	walk_tblr	118.7026616670214	1265.541512161787	3247.5675141794454	5393.011162066271	7176.524106147297	9240.6569282887	10131.527222530023	10585.065894612506	10662.897108751718	10845.521064861268	11306.102982686109	12303.867489083543
33	walk_tblr	5.996948865358547	62.97317782440853	143.91634329231755	569.4389758255849	1390.124035418974	2509.768647571884	3987.9503027406854	6090.087343406947	7992.4540558277295	9758.66653783155	11376.295186048128	12579.473517401491
34	walk_tblr	0	2020.4465126420473	6971.321181409752	13347.84903830755	22249.254598251064	36864.455964936125	52316.10394734811	71296.7647618288	88812.32132328811	106456.25858320628	122309.02581702558	141785.50371865844
35	walk_tblr	19.49541390790409	47.453783713013884	138.7531141286051	209.56140350877195	331.2579770321326	483.92926306020814	602.793652285575	1114.2916355749446	1816.8241200409645	2281.6671124259574	3133.766184152174	4215.781277764798
36	walk_tblr	0	2.263350854329238	520.2650963803723	1739.093856442074	3257.9741797618785	4402.465711764092	5913.791982232527	9222.944631312339	15029.687417918247	20426.551236026655	24961.327243927655	30666.70823230078
37	walk_tblr	0	1264.4204772708486	2986.2956772135317	6105.489204590969	12575.12959663522	22933.81795664781	39848.52649130975	57968.416830882175	81246.02536729792	101044.41479044019	122538.10175349307	144883.8400381631
38	walk_tblr	0	345.83428053934466	2695.574467477284	8474.4535487853	16406.209042722636	26214.100944830418	43733.171907616284	65873.96711492803	89700.57670857088	109492.59627930878	131186.70916801487	146407.7818633934
39	walk_tblr	0	1142.7629813497508	5887.4435222869815	11348.737233718546	18299.18210724828	26373.08940484254	37094.954851940725	47563.92665358114	64955.57191826863	79820.63957926875	98989.6169148318	116101.4661739069
40	walk_tblr	213.4312167521575	687.9743274566692	2245.793108862747	5532.11095764338	9572.387323775532	13544.94708687828	18225.63138640766	23158.06230515582	29952.886601118375	36488.22330585169	44356.0089892359	51559.405465095944
41	walk_tblr	0	8.661853269521599	960.0236623725779	1738.3489561609024	3331.5569575365903	4835.969025395177	4980.50832995329	7028.162802865312	8853.34994180434	9463.700222188458	12401.25268100327	15725.803637176812
42	walk_tblr	91.73713861183066	187.52472367788295	641.0980964826538	2037.900029797276	3620.7926098019348	4795.322854175647	6451.887649982795	9225.062580465019	13832.579093872062	16925.433992942042	20386.354085485127	24713.8519556538
43	walk_tblr	226.04858532478087	324.0316223096669	811.2346062103437	2890.088940899132	5827.650949717549	8561.415881610288	10006.054476906651	12717.606100414707	15673.036165977639	22007.391206956792	27351.17212403173	35681.01951823368
44	walk_tblr	0	2353.7989384699645	10395.942924074776	19110.760513588397	30388.168770382956	43354.06541451794	58046.402160318685	78823.1703527619	96378.84647936483	109798.87444491718	126352.545093301	144502.2409941239
45	walk_tblr	0	335.3292765741035	1586.03594866851	7358.0963274027235	15987.661034736613	31611.4860321389	51050.62341967713	72698.47609092174	95770.87414987829	117995.53748884708	141821.57408227364	162380.61174253182
46	walk_tblr	33.759262742843276	2332.06313026552	5973.14525463614	10957.435386016918	15242.93265362985	19763.484159966858	26632.18100263981	33044.196672932914	39501.288360240505	45616.12701836054	51510.3414932033	59218.712852821576
47	walk_tblr	0	0	8.289403128935774	19.711207440234375	241.3763411104282	353.61753347722794	470.22307749140515	851.0008212205839	1843.9051460043668	2002.1678057425277	4196.367083969664	7243.515384152756
48	walk_tblr	27.51107077315889	396.1379680061795	1559.8401733653193	2256.2995889076333	3146.362289141081	3563.3892518688504	3771.565901087905	4012.0532477369425	4944.270903707801	5652.8884700564195	6083.526944322146	6799.445548944668
49	walk_tblr	0	0	0	0	0	7.572400381976678	12.836142110911688	41.68924492137025	317.8267041145382	1791.0108087049612	7025.565239577362	13593.292733139584
50	walk_tblr	38.013237463884074	866.5643100503747	1462.5005394980392	1866.3745539881563	2245.0653531105722	2437.7818215717275	2495.347559564645	2567.3008497547976	2629.7311695901094	2731.0406219892807	2801.6112603287893	3092.917552542308
51	walk_tblr	5.8708112928155565	306.67003379844414	1079.0507097573657	1988.6079032410996	2684.0755549213322	2868.5269731380104	2972.178897923143	3092.2409549754493	3206.2594507914127	3277.7982031359425	3312.4686335962388	3445.978332811952
52	walk_tblr	658.35814850527	767.2472896067974	2030.7318665243788	5750.372320547793	8342.014098794423	11133.050402304934	14556.010444342728	18412.817600141378	23890.51821776593	28691.576131264934	33297.03983528241	40962.01921939116
53	walk_tblr	31.744211982237914	1368.878416699765	3199.537707704323	4036.261273535784	5362.193324024922	9249.30264126149	16178.70885684993	23953.939791705172	37800.99616844459	49196.92951997788	61617.377708226726	73479.38943568696
54	walk_tblr	50.79646917374353	134.96065094253498	1136.7655790859585	2189.1664263274256	2853.808477204631	5490.994222642384	6904.079606028605	7741.127871982627	9312.456815099798	11159.851413702754	13246.221565084705	17101.435408716035
55	walk_tblr	107.67629064372218	107.67629064372218	115.66964366091025	633.9101392770724	2383.7668497817162	4001.1554602846686	5335.396013909952	8011.7023314648795	10878.728852239341	15013.327210324807	21070.902286694793	25440.89626337066
56	walk_tblr	17.047953978907	41.50014189837009	55.376383509108344	91.15458485139023	107.14172962607863	165.31479194630873	273.98880153403644	422.8664084372004	744.7892801936833	1154.0151823988608	1801.9124403087362	2144.4753600654494
57	walk_tblr	0	587.8956119301436	2303.483026814215	4073.3802461948794	5837.3879518041385	7328.428597343999	7928.114047094967	9365.883415614162	12418.252265316218	13442.79648993732	14593.389152634525	15408.378889575886
58	walk_tblr	0	5.5507009704322154	53.566858150171086	359.1977912099696	1044.6730480613455	2254.082600811518	3118.3196387542316	5218.452928948779	7071.709341631708	9370.84365085497	11024.658558323556	14270.191575244
59	walk_tblr	0	7.283349684567132	34.83972683871286	447.9363807428794	1138.661459446664	2310.4507473019075	3918.8778862611507	7019.103694827781	8756.653407354146	11092.77303194018	12978.565063663267	14706.41308059438
60	walk_tblr	254.2428547297971	268.4567992709039	931.4283731225274	2187.3393123203214	3714.9752205192735	4832.554391420296	5888.76459738654	7071.146905224608	7766.125792148724	9458.601956456512	10400.280969875837	12459.788157604205
61	walk_tblr	40.24371519047852	589.8177726338737	1770.8858184423357	2979.0663244847246	4478.82754058779	6801.8754674504125	10963.365938255476	12622.249314421131	16777.522732879494	19628.30756022426	23691.643057835765	27070.666904646725
62	walk_tblr	20.591253242062947	47.919542160247005	221.0022251810951	799.0462219625144	1349.022756632445	1650.447025245105	1750.4465986822004	1798.4928562470138	1882.0406203981859	2025.4360983779297	2135.039671340254	2162.1704253090534
63	walk_tblr	0	39.83992386190164	69.533916326897	130.04769644262353	241.4294287455534	839.1300876163623	1244.2500636934453	2164.559493276585	2702.5442347441235	3260.604941732367	3858.898524331821	4545.242886618233
64	walk_tblr	88.9723650625177	238.62955237636348	546.899033310094	1054.4760280868802	1688.4053552123992	1962.3551023401822	2850.7349965974213	3492.520884677088	3964.5324736864077	4430.076263525346	4835.418724997411	5349.080959262443
65	walk_tblr	74.02033640876219	199.6155306653534	382.68121417620955	853.4475864179494	1453.5097477841214	2209.684861561141	3400.9750516624526	4712.319987105129	7460.654309051742	8431.44847914913	9722.986841356307	10985.73706454554
66	walk_tblr	0	168.08852272820533	449.65544117724625	903.5773515039131	1738.9395438071629	3329.9854385847093	4908.041610655065	5961.056040344363	7653.540342167877	8812.436777020526	9800.305219482305	10638.59497167303
67	walk_tblr	0	0	0	0	2.7719298468368203	4.623669867469614	151.68168280184565	756.4202567046372	1756.483055197493	2791.87082129121	4391.82620161004	6093.874394070455
68	walk_tblr	36.81797680260768	187.05523546627606	495.84139482312565	1675.2046864150961	2166.9919573501893	2810.522791035877	3560.360118675623	3979.21750556041	4430.053492197644	4937.256743507655	5722.9674416812695	6637.150199397479
69	walk_tblr	3.6222579701667152	37.78816739325714	56.8275331962681	207.02523441768636	581.089772975562	1098.960602017046	1825.8525610147328	3587.006838617642	5035.721550813261	6417.697515406188	6905.266988542617	8499.950316072667
70	walk_tblr	28.45037005755384	207.04958209172844	579.9041896828076	948.5612016916247	1865.1777015080143	3543.53098024327	5450.790481364519	7722.524872093037	10201.838202792169	12629.49087422091	15381.200814868638	17949.6792435467
71	walk_tblr	18.32953454420027	29.266412081077753	29.266412081077753	29.266412081077753	56.306308843405645	212.4916429725468	582.3974339499734	963.5486507456156	1357.5585067111037	1580.536377276166	2068.87193495498	2736.4545134346463
72	walk_tblr	0	217.13638165475643	1388.7939703145807	2222.492211195742	3672.246959744689	4215.170308157442	4559.062043798162	4799.638348891107	4994.651050389409	5236.805176830752	5578.844959427975	6144.035286146136
73	walk_tblr	0	24.530128228388353	130.25372935558764	262.17617491718806	1368.9909457879628	3010.565850433012	4390.677606356929	6748.85477592695	8686.52577651513	9898.117722868752	11001.222023997529	12255.562054334265
74	walk_tblr	0	0	313.50045990588023	978.9174575520242	2118.5257515801195	3917.6177009925186	5577.829579301744	6760.535035170905	8954.076554781437	11422.480157084163	14781.072648091504	19586.15210611944
75	walk_tblr	0	0	0	5.971730382534453	5.971730382534453	8.711338650810568	8.711338650810568	8.711338650810568	9.778451983772051	157.07932762320686	796.844535363633	3527.841421676907
76	walk_tblr	0	749.5744973586449	1757.5319186569718	2008.368658376058	2358.3500429986425	2582.223458681473	3111.943917853375	3174.470851597662	3175.7613870192004	3175.7613870192004	3175.7613870192004	3175.7613870192004
77	walk_tblr	0	0	97.32278810711219	121.78006582171614	1178.497859549988	3118.451102072967	4124.886936488132	4855.15214790681	5530.208061680322	6203.094942393262	8554.732990067445	9633.77561047026
78	walk_tblr	0	262.6715087513418	761.1878410544482	1533.853876353398	1958.9293094470897	2122.788347897304	2204.297890882139	2415.270650664028	2585.21053967578	2677.1622466260183	2779.904289325671	2870.894681739409
79	walk_tblr	26.05019478347961	27.176689693035488	48.61258802006507	84.03218758013922	261.0327002441061	402.45113812065904	845.6185682126694	1063.357036211633	1217.4014960738057	1284.5712977865714	1434.8240045696016	1647.121813031655
80	walk_tblr	0	233.03508174184486	688.8814679051574	1900.1141554281467	2915.7207300274586	3508.9456322061133	4061.9458367308252	4321.8927908800215	4428.580966355021	4515.71557275232	4560.689019434854	4617.619479688201
81	walk_tblr	0	0	0	0	0	0	0	0	16.898392401210188	16.898392401210188	19.72211596890266	31.14885725450643
82	walk_tblr	0	48.20944790510975	82.53405326038838	118.23674801202404	220.9791420150912	305.56927930513143	777.9257293822951	1629.1224335367829	2529.7226934805553	3697.5175190198	4153.309582050251	4419.309108815324
83	walk_tblr	0	58.801387309376494	823.0525507106697	1408.0138430370228	3692.4115177297726	5757.731610902363	7131.204002788576	8304.111507851172	9155.659309942408	9648.282153620332	10436.841029427294	11394.005726469988
84	walk_tblr	461.17924293934976	1704.266689227803	2758.0239471077334	4228.730179508536	5775.854703001145	7642.032073700632	9415.157246745537	10331.207477176049	10644.083017504588	10697.124479870541	10769.356000830168	10924.622612110243
85	walk_tblr	0	3.898478110619765	14.619292914824118	50.245796632541655	64.87767603681996	163.08552727797917	344.0546621644684	789.4098540382063	1278.7477761447713	1806.3067966577219	2878.362737070654	5034.891531297822
86	walk_tblr	120.57292168073256	413.0604704953343	1147.104002127806	1547.0043727430784	2378.146719198649	2792.8005841286777	3274.814613476107	3530.458944455172	3818.9032573076443	4189.565415210247	4870.402001203583	5683.577487374528
87	walk_tblr	31.897012039914156	209.24057898039493	1503.3615674620617	3002.511583334422	4158.682769745263	6571.930480654887	8947.684877412206	13372.717247694356	18450.75976446311	23657.861029946653	25821.882296782733	28764.36625874045
88	walk_tblr	269.45335170843646	987.9478729129099	6137.3289166092545	14627.196171212645	27383.193286118505	43521.56292774191	61938.878579581135	80302.62826120123	97706.26833041631	115381.75880224461	130368.25475907933	145892.56871891997
89	walk_tblr	44.32995002651953	937.6540736886475	5020.65443212418	8422.669932137927	10809.163536516822	13408.654083189014	15861.755593108983	17488.29829318414	18821.559205953603	20005.071007660845	21801.49645133145	22675.226353436152
90	walk_tblr	268.60340138761245	1141.6265309207838	3270.4751344805154	6569.457029721253	13586.217128282477	20316.754068805298	30795.543274151405	40191.24747067394	53430.14051785473	65826.77099711329	82355.53523609588	98977.28786017805
91	walk_tblr	0	1032.6132397723945	1725.8862014566844	4003.170511045274	9405.989550404864	14625.009220387154	20864.914725715185	27052.20926118457	35763.40739933199	42869.125781471594	51480.58368197085	65553.44989394493
92	walk_tblr	0	888.7035727984212	2856.747570710895	5809.0882039175785	10293.301288132856	13339.518506723	17525.358826612206	21420.555433401143	25986.198191825333	28953.7811417895	31498.875319545215	36375.602581367355
93	walk_tblr	0	49.27760578481853	275.2346528518696	488.52900305025014	669.524158214911	1151.4324638318903	1890.5920554749227	2832.459716478475	3753.367367025078	4649.42758612481	5358.569785724582	6306.16030175073
94	walk_tblr	0	7.880344345371413	16.586532858250184	70.54500177864055	94.2158846039418	297.0949517783397	1001.2514786999747	2837.637177634498	4563.099118251428	7130.597309132095	9947.195672715323	11383.206187146327
95	walk_tblr	20.104119831095012	681.6426766661575	2492.8693858843917	3300.9844987030488	4038.1390152741483	4927.137180595319	4988.932205965781	5006.744933077602	5122.078518001358	5181.7476414306075	5227.379145838561	5340.48163497547
96	walk_tblr	1.555206729866682	1.555206729866682	3.4107292420524473	432.9373769039215	1142.7337284150751	1626.9714762772885	3021.102896906892	4287.780397430127	5366.600491807216	6288.3517515655385	6647.445227132072	7818.431645173408
97	walk_tblr	16.16678225959677	154.23685291166603	512.6626166581696	1380.5328810130138	2318.050072666499	2618.5119600941694	3256.8669729503986	3486.462374339383	3680.595094182306	3807.480678144704	4030.71053538926	4287.953378482441
98	walk_tblr	46.26663267725915	248.63891867786137	968.1602511453323	1780.8230384504118	2227.174709912022	2441.65083874339	2543.9578480950654	2684.9348711639736	3200.920016428422	3711.3793190033343	4160.718205130381	4488.393745928937
99	walk_tblr	9.247705180263319	279.34013781223086	658.9875845945613	753.2478774455518	820.0622615971453	959.8180632459702	976.9463562088638	981.8629105834923	1013.3196817064859	1085.03594263285	1168.9161465234183	1308.613729390015
100	walk_tblr	15.283928207310495	246.89174975724933	961.7356327914077	1994.5761410175762	3223.270918420341	3741.3108622269233	3776.5600688538984	4138.774022437924	5094.720349720218	6154.715754535686	6748.163199301841	7479.463935613934
101	walk_tblr	23.90689590516338	115.38933225193777	381.1286187246544	1284.5993488324193	2178.740819830239	3680.772958481125	5115.197423765796	5317.045745151461	5384.160713673752	6067.210291974905	6251.98531942113	6591.051939839523
102	walk_tblr	0	0	0	0	0	0	0	0	0	0	0	0
103	walk_tblr	0	0	0	0	0	0	489.6321076307994	701.2024530165843	897.6977354601141	1496.1840950536955	2307.279728421487	2762.0865324198617
104	walk_tblr	3.7316611502628803	3.7316611502628803	4.728184298344445	7.791962913190957	7.791962913190957	7.791962913190957	7.791962913190957	7.791962913190957	9.17013322436759	18.096436316757774	30.669590078723047	697.258765664602
105	walk_tblr	25.571627682651567	108.10793051745232	542.4187797730323	1433.9522182213893	3021.6296293272585	4349.7523909259835	6153.765335861838	7490.648100515781	7996.386736599053	8506.911530591577	8671.121734102897	9087.844719079749
106	walk_tblr	0	411.9864967367778	1247.955881178801	2160.0128152405027	4001.5707178305233	4718.644854340874	5829.038620168632	6928.348332443645	8292.317128602006	9634.801568753905	11937.105448606912	13453.68422076677
107	walk_tblr	71.57430142520481	118.75979865331125	538.2597521548964	1334.924084037182	1999.0127562223954	2921.6138903806186	4715.330438696352	6723.451846309017	7856.5721365222935	8756.847441694832	9529.062050518985	10182.009385396235
108	walk_tblr	3.3719294728476865	45.656558695123735	225.69807908458228	565.3684078108839	1284.9475390560604	2509.3532162923084	3764.2918426868337	6102.780421956051	9837.031365165103	12658.72700645934	15193.149119614473	16820.36969665311
109	walk_tblr	23.989309093629597	41.1557700220701	165.1157251197314	206.65840417906392	374.521895763722	535.4594767827188	699.9838421221452	1210.8409052598693	1890.351320218012	2443.5536973536828	3431.233812136557	4277.574377278654
110	walk_tblr	0	0	293.56631887280844	906.188340341079	2100.998680475968	2914.596935681037	3770.277362922513	4065.9824038627225	4439.031235805101	4816.63084701696	5337.810717024398	6085.087079329646
111	walk_tblr	2.933236220684036	781.811818895054	1819.8368780103067	3040.0082162976246	4006.141523247498	4381.606745398502	4705.939578380942	4923.196125879295	5201.601592232472	5688.93917379753	6196.1262740327575	6352.952965231665
112	walk_tblr	0	57.216106913664326	229.7231770626653	468.64539404814957	981.1721627220968	2453.5245576959164	3889.6260722568927	6415.000234334543	9749.904243700516	13031.40629152183	14660.051966620977	15740.01608822768
113	walk_tblr	0	13.560049514131705	57.37108419335944	297.9684639098208	519.288988367422	863.6971490372241	1113.7619864916844	1591.6607163577166	2336.6731896237516	3441.9067662363937	4537.661155136501	6265.788189759355
114	walk_tblr	24.630349984297542	160.5620992902624	424.37932738671446	604.0045695715481	801.9022189030842	1031.557525567953	1285.5546705253294	2097.202173239988	3999.257996707263	5134.456429178398	7230.877745729508	9970.79976588056
115	walk_tblr	0.6013728350727565	36.59627052706393	90.34806793102159	208.83006320374741	320.5693531933908	455.16189432004336	623.6450511608771	782.4850747638225	1417.620961104163	2308.4056606827444	3341.424824724135	4076.679413793214
116	walk_tblr	80.2179104477612	369.2278606965174	512.249751243781	609.3358504014575	699.2343467162015	980.1153835564498	1592.2029519838325	2551.2738794674315	4427.055951747583	5268.710871530234	6661.326431314906	8975.382890677341
117	walk_tblr	0	296.2737580287079	976.9403048127976	1657.8618710535764	1887.291106107854	2119.025324712974	2193.255603490742	2365.95281787237	2518.0817322279704	2686.3259145581837	3382.0386092869217	4603.983952893306
118	walk_tblr	0	33.28514251190793	143.1509766621256	317.0666206994536	536.3413112581425	1202.609181244282	2818.2730468023456	4340.1743009413685	5453.997370056199	6442.4983120311435	7025.724450412442	8566.492087582224
119	walk_tblr	0	0	246.2605191957482	3518.768271834766	7293.115081475069	11018.52758075302	15748.677505622862	21217.952283502415	26429.686835448058	31208.24141488559	35602.835134001245	39714.03279318182
120	walk_tblr	0	16.816417499201922	79.82010529998546	260.4383259482401	600.3047161496781	1330.6809827502607	1754.6067110503561	2750.0327043511847	3832.9858865538704	5208.259574093034	6709.410688860813	8464.728345567359
121	walk_tblr	0	9.786526978704947	90.27550577909638	208.9839957910047	853.4577779974074	2042.2495936124042	6333.126226581633	9695.30093591439	11527.915519184098	13080.391424651665	14662.630789848763	17100.568762082425
122	walk_tblr	45.41035220810755	571.6149984067245	1111.5572301472898	1554.3190720495795	2752.597309072287	3425.750429689857	3777.378302476854	5022.151860604797	6099.36135362839	8240.017587881242	11087.79908919304	14414.191560492296
123	walk_tblr	78.82130576182	390.97218211976633	713.6735172144201	1556.2980985594725	2834.479927318246	4149.884855236559	5058.51157206871	5693.377191035286	6155.282564202758	6630.344758688296	7014.338951636463	7476.132605511937
124	walk_tblr	0	0	0	195.13699266776658	551.9341334118117	984.3089172183243	1372.3824295056172	1424.3734670303468	1604.2315547238322	1931.8225558424358	2245.9130329096015	3329.8175365327875
125	walk_tblr	0	5.796788419352658	40.714837104454965	83.21481040573258	271.2328090699815	845.8995378372452	1841.8584090546533	2737.0747864392847	3281.0803297600232	4344.746866728347	5074.485042043776	5293.336694485316
126	walk_tblr	0	0	0	8.706188512878771	19.581461706680482	61.560215233349666	531.8933935233833	2563.351278859834	4240.531664123436	6908.661588685209	9349.980189151129	10890.394886308792
127	walk_tblr	2.8189226270822774	97.70429871133221	388.2369195384796	908.4238787770754	1571.6782756849425	2686.1117880847532	4087.2603336778984	4678.4755759711625	5367.797903789286	5463.521247656148	5539.147384942811	5687.581280456783
128	walk_tblr	4.33533076371214	38.55698016324077	71.61142512638537	206.47748395227208	520.3966266957269	1255.5882950080425	2200.925804072694	2973.57590719636	3440.751934969231	4468.0625464869845	5324.185489061871	5578.914330395158
129	walk_tblr	0	76.46479654595407	441.03691131234217	1062.9784240674753	2118.510932394196	4447.432488783441	5798.0952871761465	6934.407991604532	9261.586082783217	11276.551612432975	13090.691854309103	14908.282119253092
130	walk_tblr	233.81273825545455	2820.95646480424	5229.362323886249	11529.041301776504	16960.901902098183	21942.976432642656	27279.86224711495	34550.65244156292	42017.752510110426	53990.763929468834	66256.58800935294	84599.72878319395
131	walk_tblr	5.791043714279048	348.19608207953434	911.2190863689212	1542.0815951902312	2220.7284250187777	3153.993686023434	5030.7221973619335	6915.5754725041315	9999.89252112832	14235.91965562698	18391.026938488103	21600.370730220533
132	walk_tblr	0	1680.475934316028	7066.773467439376	12057.34750119209	18823.72560524359	26156.80092320183	37010.98167024403	51384.80669581866	64683.67376563737	82068.7868278592	99227.41200459044	117215.75104450724
133	walk_tblr	0	0	0	0	0	2.7396082682761156	195.14732982716728	2387.2324671042616	5278.642298956523	8058.544730946236	11059.989561229733	13568.746538972955
134	walk_tblr	63.39292392842818	65.01642454123818	65.01642454123818	65.01642454123818	65.01642454123818	200.9416258478544	2158.826064875088	4465.3524855014675	10784.417970709394	19528.229371167083	33687.217515648925	47194.83811426419
135	walk_tblr	0	0	29.497793150833065	1940.0838527256344	3245.825180754918	4298.134326715375	4942.357834495291	5004.298015965617	5061.046086902217	5152.240127573505	5208.882967467228	5305.329594683274
136	walk_tblr	0	41.817586714029765	55.78209997322964	286.6251610373146	988.181908356729	1728.8870347275754	2799.307804469329	3066.2911602826107	3414.356483612926	3930.7210231460494	4202.204931681614	4336.515710742889
137	walk_tblr	0	57.33682023643046	933.5394736490545	2614.140366012144	4448.764703001049	5722.251598134209	7749.403679899254	9780.222315217738	11566.391458029299	13619.617449503921	14888.868349342813	16641.265342439547
138	walk_tblr	0	0.9234634612166681	306.2307444445718	4112.121228567075	5834.483190787408	7319.586868410929	8445.853166415902	9150.45578732422	9633.824744448973	11430.152057111945	15110.732125448596	19273.829542483316
139	walk_tblr	548.886457183852	3227.2327181581404	5620.6355215770645	8718.809491020414	12869.794957860237	19023.979630831902	24423.838169074013	30019.891981372417	37005.576368203736	46173.15962861925	58867.750220346476	72609.25995724603
140	walk_tblr	374.45564134282455	1230.3174143982337	4005.3001618491367	6960.138127188573	10094.468410279562	14078.558014122516	17882.706450044494	22971.187120753253	27313.545109828956	30877.501405087496	35057.5188828858	40644.86309189666
141	walk_tblr	22.713360421566463	45.540661310350984	155.89350658604155	226.13973435051193	250.54344790862322	318.0206751256983	420.23820737004365	572.365627947199	643.061968457361	872.6344989342807	1179.9128257083112	2272.9088938684704
142	walk_tblr	18.27437562559518	49.14871158819103	543.4927379452618	1164.2895327821923	1707.8610820509066	2272.4259976043345	2605.5713132543356	2742.496136337973	3399.6939111946203	3463.0680666660237	3466.1614111115423	3466.1614111115423
144	walk_tblr	0	349.24263156632	1134.3825587963956	2463.8174659000233	3712.30470542744	6260.204281183321	8617.18716312153	12528.735392101345	16492.399876789703	19601.016674571976	21868.03459782115	23095.509711017352
145	walk_tblr	0	179.22385288723623	2023.3599553124586	4371.874762361893	7586.420353645689	10448.090835998333	12743.615562635692	15595.697002576653	18165.213211739087	19350.058501630723	20652.75257071718	21998.918914078167
146	walk_tblr	13.54309768555773	208.28861018585116	547.5537877541391	1500.934962092069	3821.645954562237	5877.4543332395	7998.550578085414	11189.27921928993	14805.153732897117	17236.152981237494	18628.26907863498	19548.430278375028
147	walk_tblr	679.7024065619191	3147.824438184522	5418.404645242566	11909.360645332654	19788.113619263546	28637.96825974854	38318.63501383365	52935.12563100535	74944.54143872636	93671.92660760508	112770.40581655774	135865.0840339242
148	walk_tblr	8.149478178050892	8.761207456047078	38.78778354209718	46.49142512771017	227.16929628638044	1102.9686248128191	2887.9324482486068	3719.759846809252	4296.008424774162	5110.813892569703	5211.739486009657	5425.307664556508
149	walk_tblr	505.40529077135835	1582.1108971869517	2366.781094651689	4522.388808311971	8488.900894063065	11057.082225509997	15568.110770791522	18913.6901747587	22101.53208385177	25935.566784070463	28025.451828511563	30690.560194226866
150	walk_tblr	0	1522.0318245093767	6157.479424215308	12193.215402477075	19352.60480487546	29064.42367071931	44401.14690975155	59883.79420386461	78743.77162279189	100352.96587944441	121098.73476018655	139721.1176394309
151	walk_tblr	0	371.17044010278545	1294.8658887628383	4723.126182801277	9035.239310460689	14452.679405339175	20901.071039362825	30051.9322434664	41777.43621940012	50589.425095592225	62568.395717200015	74712.90610129279
152	walk_tblr	111.96017461843923	345.8680800193713	678.3059266816142	1456.1837600200838	2846.680885242164	4205.191868356449	5810.025868999706	7015.317598246669	8484.354434452664	12438.214448344817	15898.709013145179	21444.833141140356
153	walk_tblr	22.714192013567395	467.45019256018253	1243.0020519458496	2932.832031006202	4320.079900172372	6330.981208028893	7012.23399501675	8005.189915730321	8975.465261491188	9416.329360264395	10008.39506835066	11739.199448253285
154	walk_tblr	536.3759524616103	2174.4021207544592	3329.3318066966804	5259.635835313354	8493.458055958781	12319.609700186136	15397.155661843195	19678.67057795294	23948.333939589174	28070.60254558947	31687.847860962596	36288.64804759044
156	walk_tblr	10.192563736332067	117.15722137379444	337.228442559134	653.2129811804497	1172.842158482737	1711.689615381951	2496.9359386700507	3950.7746064732146	6239.2887468192785	8894.274658584894	11801.871602617248	14798.364408998763
157	walk_tblr	65.05223435844287	277.44896699553937	415.1893996002149	518.3291094026354	710.6773156380357	1200.8682267290883	1678.4544968396553	2045.9202714331554	2993.209667467662	3927.7337548381547	5360.634555654825	6570.249773389646
158	walk_tblr	0	0	24.782141858761197	629.7019629864858	2395.6218175840213	4484.419044207195	8127.617460692984	12383.784064041232	16468.628874137346	18888.44911505839	20704.571773199907	22552.804333086904
159	walk_tblr	49.17817139543537	839.5757358018265	1558.63962647879	2359.3689892027587	4009.6149086993178	6006.37309481991	8935.477754347636	11961.028854530936	15238.546340929239	18509.716963806764	22697.382753509468	26796.927856113045
160	walk_tblr	0	24.600432363920223	314.60819249961537	1203.5649614637525	1813.6949923697155	2060.8284642145827	2659.324928114318	3527.962655377675	4144.166233472844	4553.984118406224	4931.042197044227	5193.362135317775
161	walk_tblr	15.386119620313098	59.86601102010041	270.27575824456113	670.0850217354952	942.5871898773178	1363.923700097292	2608.4215070829387	3166.0684056154155	4084.805408638635	4845.8880169724325	5420.622414055013	6734.257799227922
162	walk_tblr	157.689659521875	175.2807661618516	505.0901406524011	2075.416333391073	3724.596905894287	6644.930708209708	9430.542609672715	11920.218999431272	15018.841819044046	19703.55788734696	23186.740252116397	27069.981817893036
163	walk_tblr	244.0570355728578	620.6451393187673	1584.7178944625189	2554.9303748965167	3657.014652072543	4981.93987319429	6194.495042058925	7739.2853941717885	9232.95944330382	11483.030855322964	14179.632349152682	17263.014759134683
164	walk_tblr	59.35327240361272	323.6496221654762	2186.473325310882	4183.665579175327	7831.690556166611	11542.946107025042	15373.127852773607	19589.11064414746	23773.38742355349	29689.700606737675	35840.52367844046	42563.95847044316
165	walk_tblr	0	0	337.11512724819454	940.3697549539721	2324.5752163399125	3583.3577925419795	5428.260563554842	7528.703239785797	9462.18543827337	12462.426351016004	16113.963225609115	21438.72549947964
166	walk_tblr	0	1979.5056471884209	6567.96722915891	14405.072637369423	26581.699683585022	40194.52312191037	55386.47785629799	72619.88911125813	91536.03965138864	110695.87763350192	128597.72229077037	146905.6235513098
167	walk_tblr	1274.6867311459705	4089.980043812585	9930.638098439824	18527.64684348507	27254.26823745418	35209.07744009342	50819.8571325716	65929.614985933	81392.92352274641	98221.22362479243	117223.27644734779	136090.9416191769
168	walk_tblr	0	1425.7964381841628	3710.8544507070305	4519.529655951297	6176.827731518561	8248.834713622733	13028.20086765247	19803.202624959074	27264.391241275232	40650.650394081145	50466.48789918809	60736.19887561509
169	walk_tblr	95.5087113295172	439.89377829342	676.2837233631909	956.4027949984011	1044.0628405991965	1161.6128988602416	1229.5337940587626	1308.9231976205817	1440.3718626498226	1849.3617485337709	2440.9119468993003	4395.276436738884
170	walk_tblr	56.177515586243885	416.3555948235075	780.6625762924397	1075.0636660387152	1639.1490228445914	2345.0917497377736	3181.1155326948738	3727.240411711036	3969.5505070843883	4294.610890366335	4746.634193900018	5287.6087212611055
171	walk_tblr	0	0.5780511499298987	21.450873979293608	66.08300924462029	125.20283031572536	275.32425880665517	448.6610995505619	773.4264340184004	1611.5793671039742	2877.542296039367	4829.977290511639	6099.764630024726
172	walk_tblr	39.615721158054086	51.10066925459527	109.99851725938942	170.16558861658862	217.53987718835108	626.3380158997445	1252.5233229568807	1742.153543685969	2875.62740291736	3740.801869976289	4269.511784210527	4600.376535758187
173	walk_tblr	4.736801787963299	634.1966393852153	3306.870198218274	4421.346068890712	6934.171667387218	8880.682052121178	10929.572176781063	14252.190330943593	16739.970738118893	21248.94508528231	26176.6298135929	32935.46549701506
174	walk_tblr	0	148.0250558738531	1217.9119597156443	2398.091855188863	4322.770931682329	7166.4373050587	9407.460250959999	13019.519914375738	19593.981145985887	23407.202085332392	25720.184308395594	28147.903976049285
175	walk_tblr	92.01428473190805	1129.0491761733088	3117.4936267357893	9267.858298265548	17641.97950917919	29869.95692477761	50169.33953702584	75726.16148375832	97453.42243497656	121096.65285940071	137773.73820436888	156939.09608856574
176	walk_tblr	50.424019033157705	1379.0682705460488	4279.089215194136	9198.744922177866	12841.8611973163	18327.507417940014	22337.267431472577	27054.41531201727	31405.759854485055	35418.31801907381	42003.589854764556	49794.339545477545
177	walk_tblr	67.05623281349824	144.67310799569063	182.8716437642452	257.21373078215987	337.9405557982133	709.991656770648	1329.1244258156316	2118.0437141597463	2474.621071006832	2768.4526863999167	3116.306928076913	3578.4032385160867
178	walk_tblr	84.84971098783353	433.6491884509174	1041.7066863767318	1574.5067679583383	2164.6393120007638	2803.596602455979	3443.242045535335	3823.814618936199	5349.852737637957	7011.896876655829	8528.768865659164	10583.664843534089
179	walk_tblr	0	6.456789319860293	13.321150058582198	74.07074259627107	570.4176518241361	2121.033840446798	2960.1209369952235	4410.555307288209	5802.621360450705	6624.561148327392	8328.59092384671	9841.087345704284
180	walk_tblr	0	0	0	0	0	9.10856259900923	64.7743008461361	182.19195325881873	360.53346869169263	365.6570351536354	1001.6106654328697	2016.7392658138144
181	walk_tblr	0	155.5218087035934	1406.3908308592806	2755.605790136835	4384.750455077253	6715.600734884968	12094.439715192995	15153.162619745062	17400.240267931782	23533.243032908078	25493.57597414098	27666.516944343908
182	walk_tblr	68.87598246941764	177.04791225702178	270.3720122638592	680.4701394802004	1161.6956590378406	1932.883183084352	3153.0812894314786	5037.09426659388	7076.684337598174	8454.800461522207	9821.821735715032	11094.112444339466
183	walk_tblr	0	3.548882149278864	13.415433759348273	13.415433759348273	36.093120310777294	39.1915251593737	39.1915251593737	123.76039792407776	232.6770194281068	367.19393631238273	376.59902337053353	376.59902337053353
184	walk_tblr	12.918912421264958	390.13192100941575	1268.219495413145	2710.5008625344135	4465.054132457811	5978.86471343145	6821.1051335449365	7850.9799580322715	8288.122336305347	8926.50921884005	9929.087987447765	11251.514830982234
185	walk_tblr	0	10.010516960756757	25.50147516901642	132.66046896412143	226.8416934082032	507.35724647265783	892.6884572791157	1391.3700267662225	1747.02377197028	1821.9342646057687	1966.7735413485043	2198.829937787519
186	walk_tblr	0	15.031933007582431	175.13997577230344	1818.4124228919907	3926.4948121574007	7150.890615456893	8263.906870902634	11143.506277131826	12789.045430121592	14057.08520290038	16577.143674177092	18333.194831438534
187	walk_tblr	42.44112265742632	158.07282938458113	516.1986141010012	1245.2992407747076	2239.737803692624	2737.869270131277	3035.7319955439702	3587.7216095472013	4343.3813991439865	5011.314778272295	6424.8776437676	7317.305607436558
188	walk_tblr	0	88.9507272299365	116.05502151673004	261.448674587472	662.7641154763236	1238.0971781136238	1660.2995214507	2841.8451703380533	3861.073523332772	5113.039828165964	6556.741984859711	8174.325419816696
189	walk_tblr	176.48406661605196	1471.7988055483142	4074.891038117057	8321.892241199184	13182.748575988377	19293.948682734994	26321.23288526867	32424.649739077406	40896.57253690744	49585.013016464705	57595.32684005483	67888.4162253063
190	walk_tblr	0	263.3118609821435	678.3512567089139	952.2052256246127	1782.257444172659	2552.246627757114	3749.3380996637015	5878.776821065024	7826.8229595113835	10777.777377426228	14964.038563431617	19847.277675059766
191	walk_tblr	107.53834683837368	284.3411416741408	2331.377408717537	3691.0501430654103	7380.129009150667	9753.18336328545	12336.925726030639	13373.184533929329	14159.267542762538	14847.004722208378	15232.793357939867	16195.137709627592
192	walk_tblr	28.319193506153447	435.8422287060936	786.9766893685368	1254.2409118280723	1818.5608075617652	2360.6401252305536	2989.0998561634456	3595.2399399011824	5284.093398174179	7387.219004759904	8697.740026979905	9556.962229869772
193	walk_tblr	66.91357272121806	227.37761965330378	676.7716749211414	1370.829286405165	2309.34431087691	3135.9717367925596	5493.418686674804	7118.700780534057	8246.825193921257	9037.374584860114	9670.425516601801	10176.69000148111
194	walk_tblr	0	80.49469798754306	239.61721770715238	978.379064782067	2162.9595394346566	4541.62336330451	6675.261627417018	8648.241421775345	10920.76603703806	12376.844169018692	13456.528714714763	15400.7264883234
195	walk_tblr	0.8827596577694403	10.524456808740105	21.735504462412	43.64756085637788	65.38306531878987	100.58555878250678	483.52669832288996	2479.160228906916	2787.598129005631	2834.3157317829186	2973.1506047704993	3178.4611983247933
196	walk_tblr	0	0	0	10.004609454720324	95.28900083589014	149.20599904431919	353.172217607087	702.9423333649103	2272.752952987655	3412.4257400697106	4219.920247154103	7198.601252985878
197	walk_tblr	0.8827596577694402	0.8827596577694402	28.964325215479526	941.5024087736757	1579.7180244596973	2081.9100309902938	2498.786355257396	2745.491044537586	2933.4693034772085	2971.0559208790955	3636.923248627652	4510.838039265531
198	walk_tblr	50.16812159884998	92.11055694945229	440.7808519770205	1401.6237055037186	2746.0729299835793	4105.249647061656	6296.9911370540285	8033.07884134086	10194.090356634248	11692.669714393493	14082.351628341787	17081.564264932174
199	walk_tblr	0	0	2.7396082682761156	8.711338650810568	8.711338650810568	139.6402762464206	803.1797378415675	3407.4414261317847	5535.613038651875	8047.79274541034	10851.831272954698	14330.102695558211
200	walk_tblr	0	25.801385196608837	48.966717286828164	100.90607845263862	444.205942582879	839.4381532411842	1194.649813572189	1687.026841075489	2257.0289424749985	3483.831038396651	4244.314982445289	5663.792351193149
201	walk_tblr	0	0	0	0	0	0	15.448075238037402	22.468928777942025	34.159364093213576	37.730220744964754	39.1915251593737	41.72958019492608
202	walk_tblr	0	63.53080983484506	194.72567962390832	850.6118525666781	2548.198297594986	4115.382802685492	5260.5062601216305	6883.065948983076	8277.832290480528	8886.22151861715	9185.64517926486	9298.389220521041
203	walk_tblr	0	1266.1967779413346	4805.733713982491	9551.31195525857	15921.269409676288	22598.765630178244	31366.299239590167	42896.5915918389	53855.325778346065	65642.97162773598	76101.60077547244	86888.60679715873
204	walk_tblr	12.477741971191506	12.986604855318264	15.032657701911264	15.032657701911264	107.32766331040169	467.1255263182764	912.5537418420565	1692.332922783717	2832.078791282308	5193.155491521115	6652.941378240255	8801.094999617593
205	walk_tblr	4.915038631674324	12.557197854340941	32.090854154922994	67.08510665767048	89.82287042067313	243.594860585503	485.0125366982256	929.7430644359063	1141.6534050183627	1425.9910650774152	1477.468200827077	1546.3732306992622
206	walk_tblr	0	161.9093963518792	251.12967679677354	423.41966521259036	744.8110064600678	1013.4745073651287	1434.109318397998	2645.323543046045	3263.230683954809	4245.017098459959	4894.158205489077	5557.214067363548
207	walk_tblr	11.220762176578388	18.599472334837575	18.599472334837575	18.599472334837575	18.599472334837575	23.732059774694765	971.2904530619576	1470.392713072485	2026.9681307108954	2376.94951533348	2458.410869537279	3130.5433901882125
208	walk_tblr	2.928078877611063	44.18932225552227	555.2624303806767	853.3055989275513	1420.702236827602	1822.0459883709977	2057.8884814213757	2963.699883110211	3610.4415127474863	4942.490130420329	5945.858373588771	7460.690103835048
209	walk_tblr	20.371516926677188	88.61429497360099	492.11466719472276	1573.773790116401	3132.2536631917033	4453.911863838896	6571.990388378816	9199.508857528155	11032.269894643727	13208.922445963217	17295.997901114817	20008.066450811188
210	walk_tblr	19.382223365072875	66.53696141768306	481.82386137067067	1145.6216509457477	1759.9557463290867	2075.2204007622045	2348.8804840123526	2542.729941172438	2769.416048882016	3029.6183965143705	3357.347976099959	3465.804695591226
211	walk_tblr	11.593986930012804	632.6119945441284	2016.7241880703718	4541.422388113268	6903.800458093833	10348.03529188216	14028.983367291166	16159.144199160739	17774.495282398264	20160.448662261177	21685.595926207883	22908.700789655653
212	walk_tblr	0	304.5092021659342	791.4707184134312	1853.6860069232769	2741.9259186497434	3322.2218172530897	3413.3323796943505	3490.7886700961026	3685.214355150038	3765.5965267306888	3825.869482672107	4048.345990906012
213	walk_tblr	33.93860918973862	61.05570576697844	77.23303908330688	190.8439588942583	411.0436531797653	731.0396605287624	1608.061301414657	1736.497923559894	1808.4883892547775	1887.68861627497	1958.2145018470596	2095.691387574151
214	walk_tblr	0	0	22.045088883838847	49.34740263320276	72.45015805803482	85.74150791079421	251.7757750713567	324.6768913255873	499.7544242229745	1008.751542632818	1371.5629738017526	1738.8991185418447
215	walk_tblr	0	0	155.22229483318432	235.34692941984864	1060.2681511541139	1872.1130328904333	2671.3316215501695	3259.319271835832	3582.814856512348	3803.451850483237	3956.7596683818565	4127.385623075722
216	walk_tblr	20.227995361538174	325.40830808364194	875.4945721542277	1248.4385203833992	1676.3394981364777	2423.6793580886156	4067.971480949743	5572.176887874879	6924.931645718423	8372.66185165784	9101.505630461297	9985.329778482232
217	walk_tblr	0.9927648534797552	355.4802636755047	729.4920974104502	1426.786698170899	1981.0342219829945	2480.4769128053176	3163.0451588655683	3671.9060627681883	4536.154681002017	6176.427043808325	7572.339955649913	9652.918553012303
218	walk_tblr	0	778.7312502405223	2615.3589291282406	3257.5373437679077	5335.430918724523	6918.773855220451	7938.690741304796	8809.951930036466	10081.88204756947	10256.563694685366	10454.178239818992	10528.655419935376
219	walk_tblr	488.9315345531392	2359.4047905859616	6416.991222171185	12094.754865311952	18187.122364949973	26674.363368562055	36947.05394611374	49243.90598770972	64965.86682215457	81654.55542150253	99114.75061206504	112651.6610717361
220	walk_tblr	429.55916214231695	2206.9485330394973	4011.5172141958383	6014.086120089766	9576.830068836818	14517.535097592156	22166.119771491554	29778.494031987106	37978.532663876744	46215.13323543393	56378.78998877315	66906.27698950014
221	walk_tblr	367.8374888447226	2042.2778208825393	6246.638257869392	10360.216360589351	20838.480315737197	31133.088151561813	41050.59499504509	54363.73932025292	68219.9350504421	86397.59336181975	105015.43043934822	121362.58225977898
222	walk_tblr	30.47406150280421	159.23676010584688	579.818918859685	860.8564249407011	1836.3415431493931	1988.721400667019	4290.50146950183	7583.992112669828	11342.262331274516	15232.379899646585	20670.14240219601	28427.77268040767
223	walk_tblr	17.251543624161076	60.94831064237776	105.03082646212849	142.255585810163	254.13345349952064	353.41019367209975	553.5650270776719	991.1970424180362	1540.3426071351983	1881.2982402188532	2249.43572160393	2525.225492421381
224	walk_tblr	25.281043452540505	244.29872146891074	591.29355083084	999.8094858372868	2425.087605884394	5398.889571668829	8709.286934800284	11943.441906131544	15067.566988589013	18723.76444157481	21429.130914660025	22242.722725920987
225	walk_tblr	0	0	0	0	0	0.9435165976516943	0.9435165976516943	476.8681302872866	674.3705371889839	704.1602185305711	751.8979178477124	838.1289740870257
226	walk_tblr	14.78346746395123	17.261808642022118	417.23053665774	1076.7068027640325	1472.3090753765273	1983.0923390576866	2331.9988434583165	3022.071865093171	3597.8848492371853	4646.459036609857	5291.692860319153	5975.120696461044
227	walk_tblr	0	43.17097994719255	84.5217752986093	341.3732248014385	934.3024959717618	1124.2643277941045	1306.6562661033454	1480.8518857850866	1679.1361051410927	2300.3281823350294	2971.6252761230758	3304.68434482924
228	walk_tblr	0.41855690267728163	189.6833795001439	1168.137242095625	2002.133899990776	2753.2452765004914	2995.6039186413764	3157.016695995974	3254.2293955274567	3319.387486674761	3356.620581202249	3413.595781584895	3480.294241417954
229	walk_tblr	0	920.6986351902578	2195.8327243473864	2742.486365464476	3368.170363944438	3909.3042826612364	4081.9438730668294	4256.489743426908	4399.3768083154155	4513.626838472201	4611.925859566034	4677.702233333144
230	walk_tblr	131.00616076055394	514.6774382263981	1057.8711158079955	2802.882863361181	3980.9250803039135	5693.275915988055	6986.329833590697	7596.835087187799	8341.478707839278	8603.606410178409	8735.688927489355	9062.791239481687
231	walk_tblr	0	116.08841348765303	116.08841348765303	153.68723101993064	279.9047549408766	813.9731124388919	1300.2414067996513	1893.8953574117768	2427.4682692907722	2551.175535408685	2569.804290683828	2595.4657885581414
232	walk_tblr	0	0	44.880372078754576	759.6127182001017	1638.7442685942483	2663.9299932143085	4527.101433182826	6650.845054186097	9290.318385665545	12502.12946631043	16214.757896740955	19384.006467018924
233	walk_tblr	0	37.148444508913784	100.28734434295505	259.90455325127476	357.10740707774715	383.9880173841414	430.0483623450404	529.3006427562898	819.3566083381486	1085.7613630805345	1187.3839398953896	1536.3246925519798
234	walk_tblr	31.760246868904673	507.4718379852347	1386.1573534869997	2347.896299057571	3841.858323082295	4221.28945637812	4588.691025398106	4790.607936256642	4975.687451649391	5153.645922992444	5402.712830986612	6046.1352798601
235	walk_tblr	23.553776993058325	229.19890364094022	1370.524412880133	2648.2618852363057	3732.98801991009	4307.462883026231	4634.480270970432	4877.125920432036	5011.824082611089	5132.732870830524	5316.376075506462	5631.9375924321885
236	walk_tblr	0	7.829661467604675	11.948277910837819	37.03537129813554	517.036521516919	1653.5065207579105	2955.579222820568	4633.045581038141	6133.197311073817	7656.78996545513	9285.627881385433	10505.958671744913
237	walk_tblr	12.16830524677975	260.5453661450854	1202.6702605331432	1834.1118618359408	2392.8412481508954	3308.7828594138964	4141.091218363994	5468.945095176142	6649.058122667771	7530.326236056894	8854.699649907736	10291.285440759128
238	walk_tblr	0	71.57430142520481	118.75979865331125	1100.0355267602522	1886.0220137549347	2563.9353448333427	4437.286789234614	6305.725422812754	7648.83762324782	8704.045203373129	9343.891668412658	9952.564074483436
239	walk_tblr	0	0	102.80230456135213	623.3711935439813	1103.8064014461324	2517.1947543060674	3592.486941235317	4034.6160571059377	4401.851332839034	4765.473436543673	5573.635095267826	7589.506902151204
240	walk_tblr	0	326.9282009859346	1444.7195977467047	3332.815562312583	5160.609602056296	6133.817944144949	7305.34723998398	7957.9987779454195	8751.761204932134	10262.313703806063	11395.838930258245	14419.619883659996
241	walk_tblr	0	30.6373813896892	215.07609514053402	351.822720500546	1160.2186424026047	2480.1266194325044	3642.6679885983217	4230.6511269916045	4572.529554994755	4971.034393647537	6053.745184594096	8051.9145054312785
242	walk_tblr	0	3.0292063629468258	50.4044052772422	85.48643192572423	120.72134906633956	231.03507589522303	329.7308250824697	571.3648589003595	1721.2027917759344	2668.2044338362534	3653.717523997164	4111.415237602951
243	walk_tblr	0	0	33.95713452936493	122.38940685868074	1019.5506298459796	3346.4831157634717	4612.775337475541	5699.6622476560915	6127.361288375532	6328.462295273544	6481.310115667401	6774.806073112915
244	walk_tblr	0.38413848805485107	11.809514661343421	52.28119617602447	87.82418901017233	153.77504584978425	281.49711979536505	366.7905375270579	1004.7356325890671	2005.2688459245499	2768.321207055836	3822.9812913305054	4194.2150749332395
245	walk_tblr	3.567070661728949	15.409856731380689	300.61471589421313	570.5221673586952	677.8533572737814	765.6001620634415	954.0523985093353	1731.1558279364615	2401.420629778563	4029.418903535649	5491.025468595587	6476.528695884357
246	walk_tblr	18.478547114053793	145.26922533520062	465.8331626787257	937.0329599507394	1337.534830457144	1603.5521750803225	2057.730265440392	2779.9803329353986	4780.309903797169	6167.319844039431	7673.636222256262	8987.190645093113
247	walk_tblr	0	49.675595557743925	569.386828444147	1167.9999242075417	3133.827303880548	5148.558177261604	6605.779210158844	7800.968406315989	8861.361029620048	9503.735419017192	10156.298362015668	10689.926670723793
248	walk_tblr	24.973373732839562	36.9461601765608	156.14980285137392	230.64855352922902	385.76530583390263	505.18147774569337	728.0029008472745	1200.7405384544636	1993.0268066757242	2484.928239161705	3685.558111696786	4572.4820024257615
249	walk_tblr	0	13.829485557331187	612.1789696520881	1908.2082700045144	3828.879764172687	6235.370225645054	8128.379881493858	9217.024291102342	9952.491374234965	10820.847769609967	12264.789433592447	13335.728283771035
250	walk_tblr	0	0	3.1387010054024547	51.00389133778988	634.0960706164309	2189.842266147367	2658.8426638796286	3687.0026457243375	8494.570592580561	12728.648823546546	17758.181782128573	22636.7334139101
251	walk_tblr	0	437.3809470722459	1223.022966339366	2031.2656607216718	3186.7195825462327	4796.624313650453	6944.342900710438	8875.612193144436	10109.908548400741	11786.962588495371	13037.729734152294	15161.93436256752
252	walk_tblr	0	28.308049845849737	374.6469929028697	796.8419312437666	1290.7804412977016	2211.920974921375	3784.4120000334433	4974.809319355894	7025.278836942882	9577.45366280246	13041.3912244468	15135.229101236922
253	walk_tblr	0	165.7046419075191	1448.0832456820133	4264.021038218486	6383.324689053783	8451.87374518569	9553.326534241105	10908.93751117327	12900.295132368705	13994.285019254825	15774.167529648741	18669.851852957243
254	walk_tblr	0	57.885481600485505	148.83913959970508	167.87172178436893	221.46459824896567	367.59706179043013	664.84256469453	927.4869675622621	1373.4955984509681	1924.9736740692179	2380.7150550341566	2902.187613061076
255	walk_tblr	52.85192001971999	123.2490775505886	308.1741895432902	731.5207679628786	1226.5648678959965	2217.594111621728	3418.1215386465233	4580.720805148549	5440.3560507870425	5919.59876381148	6478.155173864919	8337.569432757127
256	walk_tblr	0	1.0248427620874438	1270.078680118213	3371.8620363541672	5290.735834381836	7453.641608943063	9246.004975991471	9894.292647484746	10123.589831180689	10367.945454547742	10443.222674113193	10612.51003234655
257	walk_tblr	0	120.2422520046015	205.30072731399144	374.7742472548757	479.4629411920341	627.9109403975792	1038.9942278414173	2447.093148221451	3941.4125821642956	5612.830685233674	7125.418681746315	8410.107400927436
258	walk_tblr	49.00374842625611	196.8947927790844	498.59167525974664	964.3445850804837	2625.693743836385	4084.942891320195	6669.972797579333	9055.524061676742	11889.095484072592	14361.174798086986	16577.508772294055	20238.23316098413
259	walk_tblr	27.014192199575078	183.11697458980677	500.6965601338728	1314.2558418558108	2472.5891582781765	5274.117330925392	8218.607040260313	11323.560379811617	14571.494658218893	17634.280550765783	20851.60078206623	22357.940692813532
260	walk_tblr	8.64650443688595	22.745263263910175	148.1581288924241	685.2217083040446	1664.832109709555	2654.3997595366513	2981.0126389408115	3185.00234551843	3272.2406196242164	3344.23076849914	3412.328960948414	3450.657945917821
261	walk_tblr	3.60167989750583	10.170713979225418	11.07382177442091	24.115128388374853	100.80403199705869	306.42232465317505	572.2478036556575	901.1940667723392	1349.2322947387881	1826.5892721992623	1936.585651397418	2161.3304770017817
262	walk_tblr	0	152.96133443737563	426.3281843095627	941.8692306604836	1655.5841347089124	2200.7435738824	2875.214585615198	4635.281614506433	5985.383184937236	7942.578976160328	10486.614317363374	14310.330532097938
263	walk_tblr	0	82.5608073841811	880.4959145138669	1582.6063468435523	4110.08105108324	8486.147159070926	10209.739637031764	11254.205659649164	12671.148461020453	15206.10189475309	16820.454514291683	18851.1280301994
264	walk_tblr	49.74957980139738	205.01055262116344	463.54796247186715	1143.9842998088802	1726.514958505141	3074.136632328434	4298.091696567939	4904.475009029449	5384.505579890152	5482.9886110490315	5550.82858787285	5695.014347737368
265	walk_tblr	38.42709929383586	766.3444880822569	1707.1428563194142	4042.7980579390714	6265.916004097713	9079.544317662774	11950.002298821597	14561.5868755897	18106.089479804272	19643.981266628325	23995.631886021965	29296.785954411615
266	walk_tblr	29.781054674898947	247.96759748081925	1115.8541886636867	1605.4353752091283	1812.3223192918288	1940.0368133290578	2060.988750185597	2228.6442615936744	2291.8295534075305	2365.7460374178195	2371.8850201684936	2375.0781513015063
267	walk_tblr	0	0	0	124.25509690159372	5298.666700046027	11804.472955741523	17595.375491587936	24198.74458410971	32175.08904487769	40798.51309989372	52257.992175413114	62224.46188737801
268	walk_tblr	0	190.06891158074927	427.37995688494794	1249.6152751193717	1332.5561678983458	1393.743460019893	1544.5487785076068	1825.0911034204912	2126.7371888017005	3377.4019791645974	5507.68839794991	7469.311348297311
269	walk_tblr	0.9522490560157778	312.0837572915709	744.3942481776672	1054.3301548206693	1294.355506188341	2432.718071099437	3808.331975752153	5412.2453108591435	8987.753061301777	13198.572652018915	17175.75601178204	20857.4271567985
270	walk_tblr	188.6194389357807	635.331910566073	2153.582633840051	4140.6243268801	6850.035818555035	8435.487778417119	11215.743912195256	15040.532008294407	18564.24306908993	21739.23574872201	25164.527868595804	28571.760645302802
271	walk_tblr	0	387.8765624761728	1043.6566365941374	2327.718514389673	3316.282780928263	3686.5567330881613	3980.466843724532	4191.0234584209275	4444.85284363315	6247.874409731858	7076.038404415479	7520.153619939758
272	walk_tblr	0	106.71910911968811	238.58152119228254	385.63280983915797	518.5331663810473	626.860614229545	789.6849489661569	1116.6490561323494	1767.3439718453644	2696.847085003512	3553.5328735466123	4078.759388797343
273	walk_tblr	0	0	0	0	0	0	0	0	0	0	0	0
274	walk_tblr	105.48803431641451	320.8444486069161	737.5486355194205	1434.3394076452012	2603.2928119109956	4908.681009778492	7976.977449008623	10735.37191042176	15434.817942967511	19426.238205914582	21532.662627199632	23049.50477921182
275	walk_tblr	201.12307591634493	1681.6219347485999	6224.38674947029	10272.18442736063	16134.167640037307	22365.439942106634	32100.293416645174	43617.33036389049	55107.84695112537	69989.6157546195	87398.13737405547	104835.94024647631
276	walk_tblr	0.4966001874477653	2468.198431651441	5196.691761554349	10751.33675822249	18027.55135471796	23861.09465665965	31985.626523362767	43403.25748308608	58309.98225981019	76525.17208535457	97438.17107921974	118533.20269179535
277	walk_tblr	152.03605738785427	2288.706113899888	3960.2336948382517	5762.032874949211	8283.510776711633	10813.39268164625	16379.803282755462	18751.26972789424	22738.510832926768	26494.278950587006	31741.045082323984	36609.63692003304
278	walk_tblr	15.041977538341987	301.8371185767596	913.6151931074928	1555.0469577704084	3362.8556288976642	5574.357425455768	6479.703726544695	6942.858573952142	7194.014682629382	7743.444791264951	9321.026865268157	11822.337445883917
279	walk_tblr	0	55.61420377630387	159.5994139244684	925.7065924493928	1823.7050883458958	2491.401371262076	2893.44600596829	3288.50140933625	3628.61684338271	4113.223584001646	4552.150301601828	5049.291302155429
280	walk_tblr	219.97335472271345	693.3292213425436	1154.5597844492388	1963.419230304657	2770.5981906689935	4080.0999623544744	6428.152264826608	9127.156765056605	12300.762605770851	16723.485955355154	21352.067164796434	26922.185761374887
281	walk_tblr	97.20813645816497	491.2398949139646	850.960699705884	1233.3454159327098	2468.281283612828	3550.9414457687803	4954.007182664943	6115.247702864784	7855.001600398484	10435.829697793153	12300.1161872836	14616.893664430165
282	walk_tblr	91.97722842735037	313.5396741819776	549.0250317792021	1217.3140489405896	1393.69960236889	1633.4532194267408	1818.5688148752643	2066.869702137644	2284.099380731988	2395.6116908720787	2434.2303003999623	2444.884822126614
283	walk_tblr	0	184.48543127845454	357.5855543250892	657.4329641934294	765.6162544604405	833.1279315860711	970.6021332483617	981.5064235169795	1008.8365264732284	1052.3880418750286	1118.6820008881027	1170.5517430661605
284	walk_tblr	26.980389920447042	214.28777923875057	613.3158430175685	1164.8183696283968	2579.7652129119406	4457.869127761015	7281.417389646064	9768.008099497023	13303.179869442196	18012.842795496977	20931.808089400038	22717.63304606619
285	walk_tblr	0	2.916858250265664	18.14117954931415	136.16285850328993	1209.9230223860693	3083.497779829434	5648.0757674008255	9692.728697960418	13864.668435581656	17052.395135055078	18862.123264951926	20491.040547947705
286	walk_tblr	4.9816848946025445	308.56641394174903	961.1530176449932	1937.2672555831616	2675.734192339857	3049.972413380946	3803.3601696030996	5726.8257902734	9141.0942339423	12522.366676203492	16782.503490491577	20363.76436741193
287	walk_tblr	0	0	39.51873099707905	139.55578942979366	305.45107722146497	1120.5451633286452	3243.5373935672906	7153.095764124249	11961.50459218925	16304.055578605168	22027.775028214877	24761.928809905672
288	walk_tblr	89.78741898712063	317.3977730582388	2241.8287002659085	3533.8591547061014	5704.515599713841	8074.212676186954	10841.937885407033	13849.494156607043	16890.767380896566	20263.004533567415	24844.60468296389	28183.309336343893
289	walk_tblr	0	220.22336435530062	1103.6414414446785	2430.8208097561114	4217.294492611805	6640.969048918186	8637.582597620045	11719.313933256677	14623.256409515207	18795.261859736795	24451.70474738604	28945.15979301444
290	walk_tblr	7.662528321920623	20.02681063587358	85.6850308878157	764.0239346628205	1254.636439071987	1692.6425261740749	2064.1808929265358	2325.4609107573515	2376.8551764194976	2495.5349470572214	2560.3309663687755	2655.861697466523
291	walk_tblr	29.90076386842281	544.1786736809437	987.3943985046313	1374.427490124216	1874.0272726221997	2688.813169776629	3334.275547236646	4218.552846132345	5176.301059374346	5760.505365146347	6692.913538297489	7645.192277589832
292	walk_tblr	0	59.628733137836356	258.16151821239464	1000.0704190356963	1656.6539292017512	2964.0723047431757	3509.4292269366497	3947.811835862263	4478.086639419501	4825.376988451108	5098.783693918848	5507.245353254027
293	walk_tblr	0	84.36522566418182	515.9233566440151	1587.4083683435026	2401.7374012875166	3327.984464809159	5029.346315266796	7329.820002613089	8953.060799047184	11713.111879930539	14025.087988720112	15172.213347883026
294	walk_tblr	0.8983219599507776	122.09070807809773	610.6357183937878	1200.1511379997735	2293.0839718108373	3177.947982903809	4080.7390698781087	4683.337372986048	5289.834476954615	5698.519332099927	6224.975594037134	6403.46578634422
295	walk_tblr	0	484.6742332816457	1735.5060929782246	4525.626512445399	6476.198426526999	9318.454836464207	12199.125141239478	16207.818633497945	20900.060758339212	23628.486656246456	27149.18811421901	31975.889639537003
296	walk_tblr	44.786140177823114	257.952604672848	718.2750150478528	1504.8280567346137	3202.278594667939	3924.252236949986	4906.211603073025	6515.267721614531	7856.004399493907	8736.63553632362	9685.61850574469	10733.10148509046
297	walk_tblr	0	218.4276824481786	1618.582360953548	5532.622688355553	11313.220770312426	21161.04123749173	30980.402693928834	41309.724792856774	55069.809286767595	71093.82718522755	90703.86962346591	113489.50778414679
298	walk_tblr	0	152.67590762937354	776.720893182724	1505.1474181361527	3204.513259582405	5175.260842365785	7540.14582103034	9162.227227612491	10736.302028444796	12609.503901014821	14927.762277950265	18407.168134617452
299	walk_tblr	48.58939838205105	388.98419410627446	1526.1778715336686	3725.310504188436	4242.0170038456845	5262.181405954279	6532.820660253831	6986.615971761676	7088.183718151272	7154.618469071315	7292.907602236115	7520.697166851879
300	walk_tblr	0	367.19763860320336	1878.2087589526816	4038.572374408137	5013.5990924438	7379.115885336811	7915.272187715512	10109.637517286777	11894.313540934394	14285.925411809714	18952.933218624778	23747.290346609243
301	walk_tblr	6.440156361051884	30.484135712415366	210.49142632701157	418.435218643624	651.1883739198744	1343.3903751917107	1723.450514533485	2102.5709799252722	2538.2354768795153	2931.0611088799023	3593.065426211455	4657.291192897067
302	walk_tblr	157.2312593488463	157.2312593488463	934.6015527766942	2795.8590553309186	7867.11873013961	12005.72353426387	16362.602619241587	20074.68086620157	26499.813704999302	35317.072281969544	42458.19018768771	49207.16059386083
303	walk_tblr	0	230.84268713437274	1171.2410920991592	2596.1207299372645	3199.537707704323	4258.337057360983	4878.7052915264985	6659.255713616856	8518.784665518619	9206.948375274358	11455.993324203659	14531.594786408194
304	walk_tblr	0	472.1903782339867	2579.4273236361355	3403.8791348354735	5240.850978222781	7814.844349807806	9223.517631528626	12828.122443411892	16038.719055290534	18734.853240887638	22856.31776597282	30079.50765315163
305	walk_tblr	1.9768507461862965	150.49850680748716	898.8272392732456	1912.3404718361107	3439.2045981694982	4282.34953168466	6829.027237773115	11010.56794307986	15131.16843816598	21153.365742680842	29648.877915341043	37253.158522935155
306	walk_tblr	8.477077242467935	140.41389470003256	463.24779443191835	861.2134811674862	1998.1739325363633	4766.46649583122	8082.123360412157	10801.327920989736	14239.315002154111	17908.561444712046	20941.60720317192	22183.477569130388
307	walk_tblr	0	55.770053047324055	191.71947661117662	1111.6545191709722	2540.4080992446015	4321.348696456362	6993.993110417391	10264.140481336126	12722.234668423276	16149.443353123499	19200.352805153245	21557.116676982954
308	walk_tblr	41.73465321897683	1052.4503926555903	1912.7804582982128	2337.4496481834085	2669.037250749563	2907.75633707879	3303.2276866392676	3406.4701482373584	3524.3838280342134	3589.0348496646134	3628.399228050856	3707.096594495484
309	walk_tblr	152.41888825585957	1032.2235149724763	1655.6605696565564	2034.1850331424614	2319.88312241303	2437.839785501721	2532.37837458756	2567.9408539926944	2651.1477344887553	2747.612924241088	2835.661591147688	3039.890733781113
310	walk_tblr	0	65.54111685519783	380.57626042892974	882.3004555458873	1221.5715002303323	1408.9340635716844	1517.222132364232	1614.3732543843241	1680.956928318018	1762.9447705921073	1820.3196456004655	1897.8451720352464
311	walk_tblr	151.56842008245755	412.2810424604721	734.2088443320227	1010.0030395739494	1329.1505249312388	2085.0431914420433	3305.7086027299492	4258.473126768281	4933.649369733426	5521.891956847444	6494.243410101729	7768.648282627944
312	walk_tblr	0	8.93806117845613	68.2144442248554	276.8592776997294	1230.6982259946033	3115.0795874781775	4737.031454151309	6174.048496235665	7724.388671862169	8527.286960478075	9311.21285046264	9827.110352229436
313	walk_tblr	0	37.115894342381864	191.38364866099988	539.2867733417761	1036.402324120154	1216.384751682175	1285.7263432088735	1317.2527242986953	1359.0942205710169	1393.740221845107	1587.5711730195715	1903.4172034099508
314	walk_tblr	0	24.030718752066456	50.02553823286367	247.06770656099923	758.557294052221	1585.4051764653518	2046.8105060667774	2332.050792420619	3156.3821089138255	4346.831244134194	5628.656890532833	7027.118211705388
315	walk_tblr	5.066597755770096	5.066597755770096	8.355628651847743	106.8668938401928	120.38491726420125	221.46141366922822	578.5181819829003	1043.7191376886399	1196.2492760083574	1364.7606906034737	1489.6062543205378	1763.9310123255175
316	walk_tblr	29.383169075834296	61.76613499454778	244.9233422316837	727.2016346603665	2174.7177014032204	4072.3885643372987	6602.751458414877	9758.644696845133	12335.755564760751	15151.266216867185	17363.615630545446	20253.930948293124
317	walk_tblr	39.11395883471448	142.51685000887161	562.8711959609369	2041.6443167131686	3357.868591231234	5141.696287077494	6292.632430964238	7847.71835902743	11379.395467859964	14412.376554971086	16901.183374391196	19794.08939566977
318	walk_tblr	0.8612201933610595	70.1571500016753	88.98344489172005	370.51865922360827	494.5321649206782	806.1761174989609	1213.213266705466	2108.314597953689	2936.7402453182476	3591.7825823830285	4572.035523263282	5127.219839172586
319	walk_tblr	0	0	66.79883413231065	121.83232981783317	331.5800340015618	601.3775432721943	1081.3162539662542	1978.0426964723629	2392.0372391176165	2955.2238522868934	4456.233112509111	7306.296394101377
320	walk_tblr	138.72335236281228	775.1642425951474	2148.435660953104	5641.072529291261	9575.48301438223	14052.295504209415	19479.53390278639	24175.337525274434	29868.686774298174	35906.12265320159	43660.62053023089	52526.50962676828
321	walk_tblr	0	0	112.50765512038593	152.81612151827375	215.4656762986332	318.9511801342138	425.3568957304817	855.2959606663433	1254.3864167518323	2013.6268975424048	3128.482122422757	3820.055147641958
322	walk_tblr	0	0	3.2059188782496353	64.28437983700563	384.40938627193276	815.019279873463	1761.9565747046158	3324.693060036107	4981.023386673317	6089.33167351581	8429.928920199513	10279.383848685717
323	walk_tblr	0	50.901519213395936	222.90663413881325	513.5609938498275	2293.009960304826	4678.548552748803	6531.863119823262	8394.339144689675	10396.374355346783	12558.812576223354	14697.722397593217	19450.81542183756
324	walk_tblr	0	198.06764909093982	413.10515957759486	709.7302665632002	1074.0218552171889	1994.025965759	2782.6761755766456	3657.3301809618756	4787.832308023852	6469.41779399054	7441.553229070972	7928.310277176469
325	walk_tblr	0	12.823675512998541	52.99622534012665	154.27836155201317	498.5878239908235	791.5092080996324	1890.060368571173	4177.125545803259	6662.308893583487	10206.502944605973	11867.829561556546	13128.21923488731
326	walk_tblr	74.10276904942357	106.83353547138604	128.79463406856132	131.746974701768	137.6516559681814	460.9869017278436	1110.9039870996312	3530.646293452086	6643.178379221998	11449.343719066432	19621.559909951517	23886.848599039975
327	walk_tblr	6.311958968848041	26.71680242325681	75.14382025024177	201.4898397066202	577.2375936053242	1854.9355013297916	3002.294370855598	4368.861288934275	6333.206086672873	8419.775007222279	9751.08298133667	11057.370467668425
328	walk_tblr	0	127.49254812360897	1435.040841673575	4212.793090169859	6172.902680037003	8018.784676787556	11255.704799883777	14442.604156869924	17691.6733784119	22432.270378011286	25234.095105011555	27729.186616895495
329	walk_tblr	0	50.87074368171173	213.56634074661258	503.9521516631013	756.3899003656138	1279.23556069018	2146.1653896588477	3036.328911092114	4550.62308552694	6113.317241783714	8175.001957680612	9874.28876070225
330	walk_tblr	0	116.061380156767	201.2132793391308	528.0898266562689	1081.5232088636758	2556.948518746648	3525.877749301122	4571.285638463696	5445.176137957589	6952.364367253857	8713.802984072565	10470.814301607545
331	walk_tblr	57.98205648021742	793.322060751232	1632.4137411098677	2377.219290430477	3192.080598802921	3465.4078496331	3993.656404990839	4981.862979125198	6094.235783529305	7984.938787407862	10010.389366271673	11254.494588839754
332	walk_tblr	12.558275793105807	64.23957944425207	988.2563296671094	1666.25882301055	2827.9066009952344	4299.360960003682	5282.346882154872	6322.293333877654	7533.790546110229	8657.614184586304	9429.02929456688	10305.153554325647
333	walk_tblr	0	190.7135719871514	2400.737206187383	4658.100208256434	9860.627022013294	14496.915022036444	20345.155779525867	25992.49311118185	30576.867291609502	34265.221933823705	42280.45400927029	52928.90857865865
334	walk_tblr	29.98701131896121	29.98701131896121	10354.352658376025	19995.65429760229	34109.16532491825	43796.64123157355	60445.2102657779	77953.19367437864	100897.64078503856	117596.84393835538	135373.22064826443	149443.64205931567
335	walk_tblr	8.630883899304683	221.41006842126248	542.729288034756	1323.8288196236676	1828.6818632991176	2036.0356275152976	2162.807891752048	2752.108403171558	3098.6443431447474	3395.043498091163	4445.910055876465	5238.004120083603
336	walk_tblr	83.38109452736317	288.8691837347908	476.9752378125157	756.201759945183	1250.0370795730155	2133.8161652640642	4023.102155146809	4840.794171826749	6335.761879943951	8215.13855104067	10400.160228770994	14482.113449579916
337	walk_tblr	0	220.51432299294368	975.5449689732584	2017.8031640227946	2579.2707853083016	3087.7051931702663	3428.4874297290935	3740.2550128785456	4002.305503894177	4297.365498226936	4686.609304096494	5012.344591086822
338	walk_tblr	0	157.73797360464854	403.9909386606695	655.787162368175	1191.4769009199222	1639.8901007037207	2030.6505230047123	2986.958580812211	3879.199676908142	5349.916880585736	6570.249773389646	8573.01119213862
339	walk_tblr	0	64.50093211632456	492.76168139549384	1168.0164574298965	1821.5641879341263	2441.302447986157	4142.294235108501	5404.07746825281	7390.230349942314	10097.559728568185	12491.562919306813	14642.481446776004
340	walk_tblr	39.11395883471448	132.18186088587794	487.9386864714301	1799.303120821513	3145.6492030140503	4979.919226012779	5996.7944554510805	7488.882401211652	11012.684584360206	14068.613288186703	16703.78526430353	19284.190111183834
341	walk_tblr	0	14.349253731343282	320.33918752104137	589.8635544084091	701.8683761642912	781.3533921535923	951.2514296693248	1713.924713842979	2414.7696017075596	4019.322980671003	5453.718808068604	6271.145698646327
342	walk_tblr	128.2823945652715	494.6403027576731	1602.425848769344	2554.8157905054504	3757.508556406595	4329.929055577912	4595.233950238545	5109.438590872102	5575.20772139184	6106.898847019563	6275.74574655969	6435.658455955314
343	walk_tblr	0	0	470.51089759111164	2360.2639223000783	2667.1994553065124	2683.6251289562983	2718.4194125887025	2738.668451611387	2784.7588327159897	3147.6715770779692	3861.700678247575	4951.812042407733
344	walk_tblr	0	9.056656725148594	136.95221243565987	343.19271991785826	567.3375826796569	1004.7103856171631	1642.7190978786625	2616.2575327370505	3853.325789152379	5764.469254666233	7976.041324600078	9741.86999797841
345	walk_tblr	0	21.445579606967065	23.931864883157832	41.12451859465035	78.71359122713874	103.64918096605668	152.6640163816632	277.1522068555633	604.9540522925045	1738.6240603436768	2544.780531704894	4551.610026665561
346	walk_tblr	0	20.720700395656202	221.30241602828522	538.4603038976345	890.7566756460982	1609.0446460139742	2162.6452900075765	2414.5226367051014	2716.047798838894	2854.5687085107675	2885.6452175527315	2920.3470261364073
347	walk_tblr	0	0	219.37290960906188	425.2715540988507	1447.0046175648617	2286.087709559625	2787.3176504244802	4232.922895057994	5863.489196761497	7850.153504252869	9465.125278819904	12779.836903401423
348	walk_tblr	0	0	0	0	0	0	5.210715721480868	34.85955785360605	763.9623034392224	1681.4083718626218	3968.381899443044	5677.446179848317
349	walk_tblr	17.067695593662226	464.7455043413029	1417.8141078171998	2381.4196945870804	3477.874842028099	4602.98829752904	5713.6173364777815	6905.440149128327	8062.678469460634	10336.34872394262	12369.365349104093	14627.58021635022
350	walk_tblr	0	0	0	0	4.348655796369325	4.348655796369325	4.348655796369325	6.833601965723226	7.465549482929605	7.465549482929605	7.465549482929605	7.465549482929605
351	walk_tblr	0	291.5409427225834	772.4431515690313	1253.9120630521916	2175.3833328724613	4429.269931488249	6227.048198293486	8808.023882693322	10988.838209805925	13062.280611397415	15739.322710993083	18540.648191617413
352	walk_tblr	125.62480427645427	655.9257765805203	1417.8228175772372	1995.1566672278811	2251.808775991245	2599.758691809075	2782.899002441283	2851.5529968852597	2870.2060737435813	2904.9819697973	2998.7150340122557	3211.045659048324
353	walk_tblr	0	29.98036926037033	298.83163668915745	532.6990452684039	677.6507375089452	1213.1742994418414	2025.7017427519181	2399.596521446957	3594.141086530184	5679.641286909275	7741.810097603983	9817.542880986217
354	walk_tblr	29.668199193301263	36.01565722370572	192.5169175143338	529.5461275910062	682.114045036564	1194.249851401181	1985.924271588719	2335.918281422908	2577.563156023358	2987.153822390544	4219.684030326119	6528.502734984146
355	walk_tblr	0	38.66517711669612	82.80828839160148	195.66254965096624	562.6368172372112	1456.6375982613968	3020.2720066359593	4547.6828182962645	5908.374626613405	7327.909069611241	8715.955778087582	8997.936251710398
356	walk_tblr	41.263540702079304	595.7979501641553	1220.7204899402307	1597.850576647866	2230.799052950585	2493.8644338051654	2729.536151177817	2973.281543703054	3246.5870394783833	3581.614776248343	4413.800656703094	6012.446736064707
357	walk_tblr	2.230913159356314	4.418108187917418	4.418108187917418	70.38480575850014	160.5688136865975	166.95492349063224	318.4643088840267	799.7836178307841	1267.7987875093888	1631.4890042964942	1742.174697137178	1893.1983401464008
358	walk_tblr	0	131.60956127297305	329.09169477830187	730.0251545778818	1776.5400061033138	2948.256801533865	4775.68076973383	6879.000014776163	9922.469626117525	11895.233772058704	13966.085501020352	15203.060390173749
359	walk_tblr	0	2.1155013660381887	8.085684626313817	36.17385707908263	74.80475246076621	441.55695383539074	757.4564080684478	1482.1654907387529	3511.7897587763346	5486.523409973125	8991.938497285599	11852.359017352757
360	walk_tblr	67.35617542440555	569.9537651359631	2996.1990309516727	6314.66293354613	9582.234866930798	13687.514016518217	19076.056015740858	26264.511940278506	33824.284503420226	41214.21334575506	48646.60697534864	58931.13824399397
361	walk_tblr	12.606004758289426	387.50094626693317	3020.5324401366133	5267.820188402637	6389.477661785858	8639.639961136916	11288.088862107534	14039.311164445995	17677.577576187887	22559.897755831327	27125.41483351898	32133.555134866223
362	walk_tblr	264.6783499060541	924.9942491503009	2346.1302855753383	5186.568757733298	6711.2650332484045	7979.858862094536	10538.76322798403	14703.93045017693	21861.26660180029	28582.702388887767	38108.78323462255	53888.29239078971
363	walk_tblr	0	321.8525465687732	803.0450176162819	2092.3422331896004	2601.819407124797	4031.5655176089012	4964.691137288576	5257.553937056038	5401.414000313616	5496.387562795736	5682.685048677693	5725.544266598173
364	walk_tblr	0	229.75433762346893	2443.5500297978365	4884.341091883591	5833.4155736407865	8964.441369609507	11730.645654989741	14976.933354236537	17723.452710770303	19888.529691995245	21317.840384821502	22660.690740461265
365	walk_tblr	111.92522122209724	813.8126747020295	2204.626290195624	3048.75274399075	3746.874718829188	4117.493918405601	4321.516229432776	4416.986287066142	4482.284379591043	4560.637933213123	5036.143479443764	5745.708991043352
366	walk_tblr	5.672877113566769	34.391737183688214	108.2180733233242	516.9555792823394	1393.9991951979423	2457.641865241692	3034.4549955734024	3566.941594279769	4022.5222985468804	4512.185478194805	4981.948422083848	5196.117923418
367	walk_tblr	0	71.21378263646378	152.63062529652856	724.1006354230309	2218.6128275815176	3703.9046179280913	5504.652073934156	6935.032964873719	7886.531262039271	8811.926235572206	9600.413278094307	10210.36326760945
368	walk_tblr	0	71.41064566506392	872.3998887093688	3307.5755403750704	4760.4443795448215	6039.298897684017	7413.8724086059765	8356.347246776113	9673.765107083906	10143.571611889298	10227.779316581944	10456.890614519378
369	walk_tblr	0	216.76718609628426	597.952981509246	968.0155001278403	1787.9872006742469	2177.5782355598662	2279.1664991138514	2388.251264961537	2497.252714893993	2636.188914932187	2910.705040390523	4244.042032110502
370	walk_tblr	0	50.63957178973575	1081.7767132022318	3011.9517839776536	4097.2521385310565	6148.3252480174915	6732.659233218981	7629.514187043013	8173.6400991843475	8917.110857586567	9685.766492074648	10260.587036386485
371	walk_tblr	0	4.209413123086564	17.801640230457682	118.3776942400832	913.4426477097843	2545.248957860204	4693.891938311631	5354.148562093883	6062.465330108424	6290.491274071247	6696.994192257968	7258.8169570041755
372	walk_tblr	0	40.298171334327215	70.70001052882148	264.25869880768585	961.6081221147555	1508.9713817944228	2423.5211376320294	4229.751580361405	6354.94215437045	6611.318479567372	7493.7472729247875	9856.918607573241
373	walk_tblr	0	1689.7746185336684	3699.030317818252	6197.388059229336	8572.653989232176	10627.060668172922	12962.539881423101	15126.171118523767	15722.509321707292	16302.44797155435	16652.060968296188	16698.809941060223
374	walk_tblr	0	1.8230843959327576	12.028958071959288	97.70610094729001	142.82361309894958	255.4421522922721	388.1088292018345	980.2882888526897	1494.5486928960024	2210.605529838631	3800.0040589893256	4979.033119863605
375	walk_tblr	0	23.775660115923593	87.9522872357619	232.20502375593034	369.04124704192685	490.69728861659195	724.3263577107255	1002.910959216188	1488.832876607987	2728.4693814442326	4334.697887475625	5622.392724618867
376	walk_tblr	0	0.3890728893758934	22.0830643951839	63.05899269143135	149.18697230956107	778.4171459301984	1127.1473468270303	2119.2682446992235	2612.403972077599	2885.2566764595686	3155.591349668344	3925.0966549182403
377	walk_tblr	30.475383147599388	279.7498091365343	529.9498862992549	1941.925734241086	3696.366202292794	5534.2143222060795	6766.205364175799	7739.550172775998	8506.905040873042	9371.26784318199	10988.299610970813	12113.495833237364
378	walk_tblr	35.740290918933646	190.6437048110038	493.4364869929706	771.7886484615218	1390.0094575178027	2136.6426138828315	3527.931044874341	5382.527569130277	7300.473412366135	8957.464826115816	9997.779845391588	10901.145606034484
379	walk_tblr	37.73893025927181	51.21042310832522	114.04427050200636	179.94199864150212	222.07952277275282	666.310369428195	1261.5146989028951	1761.558463038516	2946.8689586877626	3716.0622555055243	4259.257018109516	4644.558073141649
380	walk_tblr	0	19.84247541852864	59.51761781494404	129.9029878610941	261.1889658526936	418.8007985271062	565.3677626694657	1644.8967062764193	2970.2829628914255	4465.2264288823335	6604.670431486414	8678.353461944982
381	walk_tblr	9.93949224026861	326.13343845792247	1245.5878126704156	1753.2500423017038	2060.230922303779	2748.339443717594	3222.006209008257	3962.7914494864362	5255.239238725265	6167.2158737834025	7420.158636503705	8236.318028405723
382	walk_tblr	5.815834581920072	8.832256249408468	270.3495045580607	845.1080374664341	1727.454776957401	2611.624389974045	2968.516985251125	3279.6315840708903	3731.0445937262784	4009.5689694577686	4123.952261767612	4214.783916545133
383	walk_tblr	0	35.805135716488415	113.02465107979343	290.81561950070466	519.1585720944403	943.7668136418849	1496.0769100747857	2544.0124850132675	3874.919829613977	5879.583019932549	7681.318474919423	8863.034584702062
384	walk_tblr	18.846063651657207	34.08352850781171	53.58664916558646	97.27572533425942	128.3868531001108	506.9596223142856	640.7828382585216	943.7905531313697	2001.8141050737643	4037.7328706376597	7276.442766709142	10462.292534821077
385	walk_tblr	0	0	0	0	0	0	0	6.095753299435103	6.095753299435103	6.94385810631303	8.466315670741233	45.03447376650184
386	walk_tblr	0	0	0	0	0	0	0	0	0	0	0	0
387	walk_tblr	98.796852281299	648.9954358187248	1228.86930227815	2368.752773279371	4189.1656362206	4552.635365801786	5471.495393030726	6491.334121130596	8373.575261778848	9011.642640889306	10127.602964838594	12637.186984935162
388	walk_tblr	0.4685039511082155	1.8427822076923146	11.233683627683659	24.737008618513784	81.30573388826696	404.65109956922953	1636.546712392513	4174.37488705609	6890.165951943613	11006.389723442628	13002.828625819408	13791.023198902787
389	walk_tblr	0	342.101585099219	1753.4020650197806	4737.105916848649	8849.081806134149	11720.24059770791	15111.116027845472	16466.300145622183	17935.73222492759	19077.735490710573	20494.087602032443	21837.025872626808
390	walk_tblr	53.9365793073126	173.33017233709194	620.4216552437482	1276.9325727269313	2000.9422659706263	2974.9103731423534	4165.299484052048	5138.440943583252	5648.941640594418	6032.923536752052	6329.134021465637	6985.122569665849
391	walk_tblr	28.403107394452768	258.5713510741011	785.2921703252363	1472.9689980111254	2125.4789766623767	3193.4639235259206	3861.6039681423003	4497.41812266466	4977.172191919156	5779.3487853070865	6202.428983981952	6454.237509858177
392	walk_tblr	18.335717529752355	50.289940490808384	125.98413627674157	294.4076282412061	636.9067066728812	1083.7494598176588	1809.4678400970697	2611.5950688858916	3467.472164135476	4588.625678764176	5608.602407379898	6630.007219689879
394	walk_tblr	0	276.58339485847273	379.70103006652056	421.39082695742235	477.7161379620767	652.7115816288846	878.8548198125008	1218.733913102561	1932.1137404402664	3288.939030770339	4539.452967411213	5718.7111857059135
395	walk_tblr	7.946268656716418	77.1094527363184	134.00298507462685	187.8865671641791	273.97114427860697	528.8303890476549	809.3513271524753	1008.874578851545	1130.2351652476582	1498.4500933363383	2238.5709098013467	3348.3679928095894
396	walk_tblr	290.98752312039375	628.863442347051	1278.076241591434	2504.687719430267	4261.390887675045	4638.102578750477	5416.458782761064	6828.347034357769	8182.473374667326	9097.50448713415	10120.252568369968	11988.441974634583
397	walk_tblr	0	3.1095149004037244	92.6656133819244	571.7788043573969	2177.0951767447605	3626.874244722228	5767.526904311096	7058.697406775287	8478.232627162648	10195.928028289121	11372.241019686806	14187.913720722507
398	walk_tblr	6.311958968848041	26.243582214586787	70.02837115521446	150.4593270590824	592.3150552384718	1372.6655587854343	2510.2977929005738	4077.106611120568	5386.633464031185	7035.430790582178	8897.811254569095	10420.134877683446
399	walk_tblr	33.7901316598991	491.60297772855915	718.4289528731389	782.1798203519133	927.0224314015012	955.9006925160871	964.3710874957844	987.6880463527465	1016.5710581329266	1081.865738162949	1173.722582812202	1386.400542244199
400	walk_tblr	2.973956940075422	13.988612273688098	61.89134831956962	218.06814629486377	1294.9269396408406	2150.3140581938674	2802.0708959926683	3110.5523943466683	3254.509832184006	3337.372037572448	3408.5324484438643	3449.5429265896287
401	walk_tblr	14.493126369118224	186.31234997769147	495.0365805856884	701.0293331839202	719.9186157664368	723.4960330347635	756.1492204478956	953.890019091732	1062.9421502345508	1170.236081782737	1376.5161094923585	1526.7217642204478
403	walk_tblr	0	9.16704808258307	39.81010578635395	293.3674385811748	1048.6277482488388	1911.3121620418385	2901.22869448295	3487.6775669995363	4176.801068539107	4749.076879059148	5470.180667874275	7060.325859282704
404	walk_tblr	147.7515286429523	952.3166269407197	1757.5319186569718	2008.368658376058	2358.3500429986425	2582.223458681473	3111.943917853375	3174.470851597662	3175.7613870192004	3175.7613870192004	3175.7613870192004	3175.7613870192004
405	walk_tblr	0.9219934203369711	5.571194284589357	115.38649571110773	660.9908148564731	1091.1618962319953	1147.1107281566271	2276.8997677769466	2991.718089310134	3618.9040068262693	4387.564204869199	5052.249958074669	6555.627567034253
406	walk_tblr	0	350.0485208525741	968.3445100761396	1364.5042621126004	2216.545358652214	2917.432639689656	4508.278905832592	6174.621370605794	8147.41263710998	11843.664667582274	14696.443853442537	20098.322529557885
1	bike_tblr	74.1665781472292	2167.109879057278	3761.6691738060786	9017.427554078735	12040.221382023876	13546.101534888156	15577.661373375135	17742.220148247536	20835.39109717361	24031.785762319625	31787.161703815535	36578.86141618735
2	bike_tblr	3.858025126860747	246.03524893313164	8670.184952146352	22526.303517158452	33304.287339326795	39318.35884878079	44926.74391965014	47150.14293447061	53996.83696848278	57253.8476257954	64234.98193032286	76035.92439713774
3	bike_tblr	752.1809837608853	1268.9021363532247	2772.613993002824	3567.273074559168	5022.086387667608	7139.355652114323	10873.636081572658	20683.430674594645	32383.890391262754	37106.91161831209	39385.77498737317	44462.374382049136
4	bike_tblr	20.038837717820307	850.8432531406328	3863.096657829571	4774.025372205713	5442.769827841381	5716.383847691959	6755.48363548627	7904.403986420341	9227.569815826313	11208.857968161032	14750.93227428411	19189.990743174407
5	bike_tblr	1143.2990685118584	5774.509369333948	10359.589018701607	16597.55999166441	22812.064009581016	31397.56861401308	41485.22309433376	45777.77764388099	51283.58111579691	58077.47159600097	72392.47508954362	88159.42170677426
6	bike_tblr	413.75926003717854	2694.4571118503045	2850.3191092736784	5333.577630121337	7880.309281784677	9152.733871013867	16573.6262965587	30017.62175322299	44035.433896253024	56423.646061675776	71410.89943465215	83471.29029390878
7	bike_tblr	40.035256549703256	224.0202522397254	1600.0386347130238	4187.521024149447	7523.513959433241	10711.366750015888	15594.665126188109	18602.400442770817	21154.490761822453	24347.783568587485	30738.46982725273	36590.939602011465
8	bike_tblr	334.76647994448626	2062.369811051252	3879.791281454644	5258.85518707594	8504.76110475238	12184.021557543247	14214.886497933025	16655.382197969353	20397.73287081135	27460.604616414483	31549.988574405477	36565.863411441744
9	bike_tblr	1539.75663119982	6360.187800730044	20638.27404016691	56808.03409288164	93148.6628100928	143159.63833862368	183608.90394660956	226137.927193691	257654.54759770574	289108.0118742341	315190.9079650332	331526.37257733376
10	bike_tblr	31.653909610581522	1192.2397583847842	4159.135287641352	6676.332515880983	12831.770748675019	25205.080177246884	37374.99625765381	47597.31969070812	59735.5846010559	74329.37817323052	91183.6527740763	111942.34350195386
11	bike_tblr	904.9963417472616	6600.596071571242	16107.842408815903	20223.582353129004	22532.519124908715	25938.12195274892	31498.120306450484	40983.39503619685	46256.45495190761	48378.607021027754	49821.602859489714	53188.19936152224
12	bike_tblr	2568.2442694149563	15278.401367017947	48450.673138294354	101315.99779295249	152451.44810990844	210714.19328842263	251311.6303920403	278506.5154370565	300941.6494811838	314958.94650705095	322378.5535156185	328960.54949243565
13	bike_tblr	2342.9883343893707	13668.366259290662	26656.98236200138	46166.45552608871	78087.92611050322	133976.23926587193	188841.4895022084	240449.5095765553	289291.0467664635	314189.45243084227	326452.2108030691	336474.43769214035
15	bike_tblr	167.08478706929097	3391.0372031675015	10687.348709047397	23928.509824782373	29720.727718728544	32379.072367438603	34455.68357458528	44796.25911967509	51861.399318429874	56496.388234732316	62290.44123952831	73149.65535632844
16	bike_tblr	538.9931822678766	1747.6352091647877	3523.418437425892	5563.4105921929995	9050.24439783285	13080.307359723272	15093.26295825033	18227.57524482468	21965.07374683208	28649.89747001261	33329.165105782755	40012.537847678075
17	bike_tblr	1948.9933856711978	5881.150069911441	9656.976896424536	18176.538760605472	28518.590155873357	37987.20957877599	48172.61890192714	80607.82351283087	116106.36861847148	166524.39866981914	214070.52254476972	253393.6590304802
18	bike_tblr	1418.0609352643032	7478.254472757873	14713.47460506094	26863.005368048925	39625.20935546172	58964.77755803672	92281.02130667369	132878.8269661841	176313.42938911793	219434.85642002584	256654.71570789185	291804.43846441247
19	bike_tblr	32.463163404035846	4945.655023925108	14615.176798490591	22366.31601308395	28881.147823260162	30723.995709227718	38173.81556715846	47071.27233488629	51837.252474818146	54355.09452218852	58691.6877676819	65010.85300498016
20	bike_tblr	3109.837180098793	10568.681746269136	17789.657336599703	22892.626486465106	33891.712529118544	41326.496884163	48209.46232587893	52548.87080144457	56010.80460472559	60424.07372294873	67281.60888329777	74575.15233562054
21	bike_tblr	1189.7871990996123	21535.7833789427	50484.43235596144	97740.5241933466	144918.67845131326	186558.7951688805	226901.1045965746	257685.25113029423	292456.12900830776	315643.0597756844	329257.62806970585	338437.97315597715
22	bike_tblr	2279.767310525828	11755.90163740769	25788.04663401105	44865.21023491789	76497.39441508151	128471.80575467383	185822.35459418458	236248.01757416755	288070.00860918046	315836.5450214011	326289.47938594053	334111.0311092472
23	bike_tblr	924.0201487826149	5197.015519067748	11240.70989711372	22436.614178161883	42017.85201776869	65542.54724444423	95796.69942131563	135447.07754148738	196358.5822603915	252506.2632979319	293499.7583868749	323804.2735630795
24	bike_tblr	1076.5432945458792	3600.5816303018	8192.490446119882	16796.032547756546	28987.18028126346	47918.660917522415	67322.19622002292	87190.57773271145	123265.27057519273	183729.02329861923	243096.61512860525	289392.2573887648
25	bike_tblr	37.67673107926492	1411.5948771156677	12910.10711832494	25682.56383203505	28512.545533785535	30870.981255092716	34138.863306852014	44154.72842582827	50729.02722158293	54485.873402668505	59562.19916183907	69298.55192962702
26	bike_tblr	487.1405240463663	1292.7900754149002	5092.851018625373	7075.595202135398	10590.3633930837	12709.320310118626	14966.4777822555	17273.80092286774	22112.540382932053	27839.571650195823	31746.593831621416	39483.44630995197
27	bike_tblr	189.2838237390938	4085.5746650064802	10407.056769896457	25673.93993875112	35220.48643880395	40860.44896500323	43483.83100424561	50967.99555677943	55261.305202383075	61056.03897738412	68686.50109670829	80177.5775875188
28	bike_tblr	728.8633929849213	1141.283222870392	1336.5748806213937	2987.7221049094205	7654.596898489042	11594.862765533693	12539.980514944946	13283.70972442974	16687.420510509317	28740.918356498085	34745.17583766632	37099.19551875543
29	bike_tblr	1161.9646642989287	3343.378556744027	9524.223289906915	20165.100688301576	34335.93152788861	40670.87101652114	43101.46819439224	46905.556580679244	57795.69326980978	65618.56540798953	74754.62839717549	85395.50966407957
30	bike_tblr	770.4244751019642	2549.2560743455433	3665.5293740419497	4121.463383227411	4757.6646300783605	7089.636257495947	12728.19736450916	15467.432629221015	17596.783614279873	20169.58566725523	22360.2337584265	25494.32476170329
31	bike_tblr	24.69536382285972	4330.366947063761	11572.706721004623	23003.417338229025	30016.83117084612	35322.06367410157	48626.32171644488	70370.80192082096	92588.38522211488	126018.46515421136	174882.85134798827	234874.47669005368
32	bike_tblr	2892.842569410713	7433.3986111879485	10622.934247584164	12191.143299595607	14026.67407737269	16334.634836684092	18808.271032739434	19484.72470554769	23669.346337879957	31561.289316122464	46214.933953299565	59709.794777710056
33	bike_tblr	73.21492353881217	1928.3462034918696	6797.153792438511	11692.15520319882	18048.40465750733	23680.320802112605	28066.86023564605	36499.94902910265	54814.267578594474	69551.4087948823	83878.70349756852	92281.6748367514
34	bike_tblr	5554.071996451855	28447.89453800291	72712.45729619912	120442.19111236618	160866.62102105765	207516.2345468341	244543.6436617863	273750.77286910056	296828.5804469849	310815.9082356332	323249.9861938251	327488.95203632984
35	bike_tblr	136.32575468522052	463.7922362261018	1634.798068396421	3498.7673848494414	6559.309193178026	13030.506009479168	23016.45602383662	35161.404740914586	48861.5317347277	62593.48602315269	77006.2698493471	84746.78352047288
36	bike_tblr	489.17983464686307	4355.556094057487	15196.617958798877	29786.016560599135	51522.23652903024	75920.46537360636	115685.9451320387	182345.5141039583	239693.18212353115	285313.1168417118	317310.7879961733	333657.19537916983
37	bike_tblr	2171.0214194783725	13340.256785441761	53767.39889515699	110717.2791915802	160858.2552178999	218819.6952018839	257167.0797687677	285083.6533396864	304140.3072965045	318865.4234632023	326176.4363498229	333217.0683582618
38	bike_tblr	1262.6823766147813	18244.57518663624	65993.28485996596	121068.27979869096	164792.03540275295	218011.85619121994	255986.88507622154	277977.5922418615	296163.69130229525	311456.4294224649	322585.0712402284	330367.1996184142
39	bike_tblr	3598.5655083222073	20484.767282223922	47465.97226660707	92138.41567876277	143865.87840316203	182828.15909431307	223479.9954110632	261440.24774149427	285627.04016212566	300158.8640686641	314072.1947110861	324493.16696193867
40	bike_tblr	2015.5276569432326	12297.692825551578	28315.163386902954	49536.47770071826	72736.20692863697	104849.28489189017	147569.7296613135	193810.63030295522	230549.75257073826	269522.6149050139	306737.5696195651	323055.32508143864
41	bike_tblr	394.367398858759	4012.6059146067814	7271.78339482286	13691.35681925018	21739.5239341287	35978.731479054404	57324.07476781689	85991.7040826946	127050.45021619259	174052.9053358557	218865.24645501966	253422.62829574945
42	bike_tblr	568.4199505108228	4649.301501458038	11763.76017455751	24042.19335867027	38883.43397855342	56943.249861936136	83347.44195596995	113233.74504073648	155489.89663516416	198957.768768653	239992.080715564	278390.1257771705
43	bike_tblr	1703.902093158516	7785.105638582569	12653.344126158245	32029.87169006364	68823.43212952084	104556.5128195297	158303.08484060684	202934.69116242073	236597.9679487265	268049.05667447764	298243.5116264028	321491.4771245619
44	bike_tblr	7009.330195756716	34339.454111843545	80750.78128036202	125031.3116445854	170145.3185734146	212105.0357116189	249902.74382392847	279981.22821561206	302427.2388619229	317101.3786779757	326615.9158680027	330510.36471738137
45	bike_tblr	798.0556012357683	16873.32836904249	63572.09154605718	124830.70426886372	176880.65916575064	231009.62698225718	259747.5020197809	288186.2315468485	306193.2866491849	319055.21552136895	324587.4916169299	331546.44068306865
46	bike_tblr	3704.6851483783526	16013.885344635297	32043.394495167988	50269.41402480017	74941.73373766655	104316.05502536049	139142.0913708704	175890.01819182117	211809.46310005142	232930.97687262302	255304.7348678694	276683.6772061284
47	bike_tblr	8.289403128935774	37.03491397927757	774.6007923824661	3260.0083305296935	12062.456753120638	27907.421633994854	46461.24503736058	68808.0147224199	96213.45951693751	134309.16879662513	175311.08742329673	211295.02350586996
48	bike_tblr	1410.3258160250327	3588.907616927713	4955.923247043184	7873.282567623367	12511.469537639827	22522.426274591275	26687.182166336697	34868.25155282425	46270.53104302299	58138.595389249094	64307.883652502846	67925.58857433619
49	bike_tblr	0	5.971730382534453	1087.564281154005	5923.858101825785	22372.357614854274	34038.56570622413	40586.51023203906	45855.46302491731	49712.39023180977	59280.81883124598	66359.5411313853	71520.57918128639
50	bike_tblr	1365.7819113883552	2373.786957684891	2634.2870942346	2918.506354588193	4883.843545627556	5678.411836607679	6163.530534446876	6363.998895450574	6639.477350281203	8480.335380028706	13336.326501442085	18603.19332197889
51	bike_tblr	1149.4894306158187	2913.3470095087564	3272.5398210059393	3379.891311545481	3815.18776811765	6355.985273149066	7786.496553549736	9196.267231563677	11155.660557459822	11866.76219673891	13048.759456802612	19496.93083100606
52	bike_tblr	1982.867248457298	9064.958921678717	18485.941977743063	30509.329666116606	48318.85443853779	78014.34234745995	115931.07500959068	157019.71721899716	195031.2135145418	233462.85154486488	263343.073625759	288749.25682251115
53	bike_tblr	2378.810397910843	7995.310767927044	30373.117964701847	66843.35933083689	109716.34331376481	151237.5624864527	196964.89210931896	233484.84030430816	269034.2796115149	296107.4893964377	319637.22822765063	334194.9848793893
54	bike_tblr	990.4022238393344	5214.693518349331	8535.038771653928	14731.34909321509	27118.44614794375	35765.96454492486	43114.69636648603	68796.57692958493	101794.54101146235	144701.90722833553	197485.57701232136	240053.02582308106
55	bike_tblr	112.91924262273803	3520.809378972213	10258.457399831823	24572.77475147402	43176.78134503971	65670.6468634092	101598.16894715441	155193.58677816097	217960.5444963706	268624.7164930257	308844.25760534237	329790.82126956095
56	bike_tblr	55.376383509108344	161.68232406519655	778.141054650048	2200.5375192217293	2961.3447480969257	8180.171781562156	12856.11043305299	19442.511389449974	25191.224999136917	29914.912682677623	34472.88028991767	37680.67065956374
57	bike_tblr	1147.678887475163	7061.982440044345	10065.835092115472	14062.956890899552	17662.236421544007	20290.008291387363	24192.605119533357	26572.990241648586	27601.48086667189	28098.992584696083	33047.53778251054	45497.67814981552
58	bike_tblr	53.566858150171086	2066.5311588629143	6623.161857992145	12859.007899302349	16828.186742566326	18038.071179770865	20323.624390529752	21876.21587314933	22908.649156027386	23777.66165890926	25192.47106702649	25974.558038457562
59	bike_tblr	33.1797041185836	2406.4830616613854	8278.381124338503	13782.887060451107	17459.933558512083	17774.978867128895	19452.388534199163	21003.47771806777	22501.081515178797	23101.11859817918	24886.148063279197	25726.58534002813
60	bike_tblr	738.3158550614903	3322.0063420966744	6933.230142607869	10092.045876173835	13876.057291566485	15020.2872911072	17046.227772501443	18211.08407350627	18478.579938542618	18580.65303723481	19012.808268032448	21126.895455574162
61	bike_tblr	1723.3745505086313	6072.904592291512	13896.296195325582	20663.692301766656	35714.583706243764	55882.52349216559	89986.07818676456	130817.19050463806	179749.37312276958	221135.9737481762	255781.4515775958	291915.99100242776
62	bike_tblr	275.3736933571885	1657.4374917303592	1953.9221900540495	2197.3075885657704	2302.8457439946064	2847.7334084159975	3863.266866663966	4988.722596906936	6694.858575421129	9825.027570606222	14625.195245213845	23288.53882654423
63	bike_tblr	47.31157794459933	704.5099060261788	2722.7700917937077	4471.462487247534	7139.205394713308	11979.279617692733	15699.87991669128	18379.40034774847	20941.05203542492	23953.13965019759	29209.186780048356	36067.574151487446
64	bike_tblr	519.7296527320789	1955.6461289411343	3856.561159100563	5474.085460948484	8729.813631911906	17542.75674895717	29302.621975951566	40445.17668706793	46927.081631608344	53845.41306392167	58811.603644931274	64996.44150481637
65	bike_tblr	382.68121417620955	2285.4975925351387	7587.2460600342865	11716.221317474583	15784.03546577135	20800.66023134608	27669.46721768135	43811.22093410927	53475.52634688268	69920.04260108586	93739.23157658626	116961.0210200479
66	bike_tblr	434.762752672169	3430.111710300081	7928.112511414131	11379.162381576138	15506.568354552688	22411.837992378616	33697.07905965152	40783.22832899787	54030.0555961703	74909.35051708686	95501.8741544771	114780.47746219423
67	bike_tblr	0	4.623669867469614	1063.1520518210148	4272.934702907608	8443.67202546398	11370.094428886716	14735.376175240279	21377.139306517034	31718.55106720653	40051.24817008327	44278.51253477233	47801.67878399957
68	bike_tblr	525.1810582892837	2770.29700713704	4469.628281988498	6405.536048110039	12137.2964876124	21329.51437245426	26583.412610021263	30332.69198471561	33903.818792435326	39277.578755063165	45191.71761881551	48908.21914350433
69	bike_tblr	41.77177846212476	693.9988738970222	3393.078642684206	7209.953454126182	12325.557278791775	17949.35334032871	24364.51780692298	26049.52154064095	27687.03108893324	33217.783693668636	39714.030725823315	46009.71947899858
70	bike_tblr	461.1207146958671	2241.000871729998	9288.69521432858	18437.747667789266	23427.545571201917	32062.175281305754	42089.45613433974	53289.61576914317	63297.45636157173	79762.76154386651	114291.65650406969	158989.00127074777
71	bike_tblr	29.266412081077753	217.26803089779267	1350.5270689342997	2899.849747751601	6816.656436373231	11623.579968417238	15327.958062892083	22500.197636825662	28958.70700696801	36763.0223680561	51986.82322445302	70652.60829157446
72	bike_tblr	1355.089218535335	4168.381345371325	4962.721477097786	6096.85093963657	6555.102791894562	7856.87271978528	9717.094030036582	10365.459771975373	10896.826655179804	12114.922507214318	15062.573618000084	17172.897011106874
73	bike_tblr	123.67272981812461	2407.443655172692	8271.466950625401	11545.176868916153	17476.27348539613	24338.589788079455	29732.61152318174	41318.443769693775	56932.319510644134	70139.57890072206	83959.24130259862	93500.48328847413
74	bike_tblr	86.2361021004582	2442.9914563792336	6829.452322577012	17432.08023751469	28049.293817822647	39007.23367353744	41817.244424785786	45382.93323478108	51293.45071885688	62358.314397834336	72062.692340401	83112.85791478078
75	bike_tblr	5.971730382534453	358.09860884957465	948.3764532592689	4399.019855439357	12662.348453353674	29637.885884961404	36537.792358560946	43429.81470706382	47849.45156448056	57828.00086102012	64940.4980115559	68133.80171801186
76	bike_tblr	1432.3366952602619	2442.924444478823	3161.762525690914	3175.7613870192004	3175.7613870192004	3175.7613870192004	3175.7613870192004	3179.564033375793	3179.564033375793	3179.564033375793	3181.2387739991627	3181.2387739991627
77	bike_tblr	97.32278810711219	3104.8351463725835	5708.732007804798	9248.991509855354	15921.88056825701	18373.69525832161	30958.182904793364	42265.1445125256	53600.469740951	62636.799342786384	66429.78689466578	69041.59805510986
78	bike_tblr	553.7509953582951	2117.0490867454114	2904.737404998208	3728.212201945985	4493.747894356944	6259.182220120806	8517.530501199315	10721.16622257716	11271.29659673846	11648.668737403052	15528.086521518026	26129.535377617092
79	bike_tblr	540.2084675411554	1192.2432182193766	1465.2094052438529	2500.3202224157003	4162.843428231455	6153.461422972391	8136.557581088446	10628.382288570332	11486.041897069648	12602.075279390394	19625.305431300363	32571.58497400743
80	bike_tblr	521.5355521376271	3439.2563435206566	4392.550058448985	4661.482574470525	6127.046328463432	7461.701782080254	7980.256286303908	8949.944195137985	10772.751603227716	13830.288796025823	17744.065504838432	22690.23906305206
81	bike_tblr	0	0	16.898392401210188	19.72211596890266	37.54343747395008	262.12285274100884	363.7549266754654	363.7549266754654	364.2493529810925	364.2493529810925	368.06226056859055	378.8086956406172
82	bike_tblr	59.61756830403996	297.4666026794985	2308.8110911763574	4336.5177326104285	6622.666972929029	12631.469661106912	15468.201337194065	17418.182974858766	19840.668133103114	22699.533282155997	26389.561494821926	32546.59973026734
83	bike_tblr	746.2916052340803	5650.891265937494	9183.779588197509	11234.30746291895	13744.435470409207	19837.062770199038	28556.938101606866	41476.91405285913	53830.998957666765	64507.78619561312	78392.36356452451	91542.62446336982
84	bike_tblr	1923.573090384787	5315.212756267161	9834.487085244695	10831.16789582498	13413.220446875293	15723.069613153457	17176.127577952346	19811.972732075348	22394.479424705605	31733.720231825686	43996.872528785294	58905.784836413135
85	bike_tblr	20.643271059159446	166.20638342504446	1215.653158827281	5097.450257989471	10534.012667934172	15517.726416057361	21939.51120313304	25820.695936570995	29443.665079847393	36085.66523679895	40218.29859956707	47722.595650557145
86	bike_tblr	1153.4459581555332	2916.9113009762023	4088.595749529852	5686.675729137241	8989.727330734459	17207.949241674403	23789.949078072954	27755.28921254885	31735.948265286395	35874.54271559877	42979.6354049513	47277.1172883305
87	bike_tblr	2270.2650569390876	7805.819596401303	18865.31587094234	28629.463027721984	42366.3448341153	74453.97220345895	108250.7840821589	151422.49570259306	194331.1496925916	237348.80980221214	268276.3995610982	300682.10971309425
88	bike_tblr	4630.43384781343	35286.57571934608	81803.48772771884	129779.1532367158	176228.92871974705	220155.92751656094	257442.94697652635	279400.6145093608	302801.8652423231	316662.35331141204	324177.5349490216	328165.2732217594
89	bike_tblr	3908.4128370165745	12305.669383069688	18278.815890734582	22671.62210949357	30890.59206578212	41315.036320723826	47098.05090707563	50378.313879011424	54581.59505293789	58718.50073471247	63352.49937686044	70932.8560655861
90	bike_tblr	2779.4139491235137	13642.180149406398	41830.85893956518	78721.60606442521	123773.36606975859	161178.32358871357	203746.14726040117	240004.71257901783	269254.09013202647	293393.95565330674	310661.1477302735	321603.39712051227
91	bike_tblr	974.2531677436773	13048.590125348643	31227.556787220146	53851.53442691497	89478.711024825	134017.20608642028	170855.33269141807	208816.72522727048	242333.00699618188	272727.575846697	294641.0149836547	310898.8337525963
92	bike_tblr	1346.993153349747	10459.642632978544	21915.67570856274	31931.633529105722	42952.85713102441	47319.16599240798	51443.66882239603	58066.72588065258	68077.35573775049	77916.20800974272	86808.59790790807	93016.0714576227
93	bike_tblr	203.4662926752141	1216.4329999656468	3870.7559451784923	6909.676713057962	14914.009647736026	27956.747786632022	39315.819552142115	48474.69843005886	56206.16055483019	61712.61633481932	65750.04412487158	69918.8315613937
94	bike_tblr	0	246.13141170637962	3856.2724982395434	10581.55080510994	11959.135931503599	12675.008354511509	14983.900504987148	16260.447066176359	18431.74658910678	20402.117487239673	25041.266665569005	34807.30191348279
95	bike_tblr	2323.2441149010424	4741.264794720104	5026.718522593569	5322.679276156497	8030.311613212528	11958.10012519565	12943.856377862498	15606.112370675717	22492.196947191384	26881.982364342668	33482.57995405598	37123.30388866918
96	bike_tblr	1.555206729866682	1626.9714762772885	5609.789199718736	7372.917749448873	13635.937895963838	17728.780461948274	24021.654880689894	32738.120001799052	35662.17619988401	41897.47406245577	51616.38031345115	61543.2809585078
97	bike_tblr	502.68830913549084	2594.985991879823	3638.7551414208474	4199.920824190729	5312.673840717107	6529.086791844334	7086.579677100535	8167.438645193566	10621.87719594138	14245.713751965392	17167.449911945314	19392.249240143698
98	bike_tblr	854.1744840236337	2407.056855686745	3211.851012560817	4872.140361172923	6176.727321399135	6511.6995676553215	7031.166368108948	7444.964823764728	11179.698243980774	16259.476537822855	17809.673096469116	20597.03301245664
99	bike_tblr	588.3095115048603	837.3231204626553	1019.5908971502231	1386.3801106571577	4211.992496316969	11972.815466368596	18718.11078713681	25638.647125519907	31537.688986044956	33896.95254542731	38807.95058312323	41366.57879493151
100	bike_tblr	961.7356327914077	3745.2201908794073	4839.662686857849	8946.048937497466	12351.940585021757	19118.32383147601	26543.414178632604	34807.307700469246	49043.8596034962	60472.29133680082	65841.81033756635	68018.95905846076
101	bike_tblr	397.3343236997943	3370.0368665883407	5429.960842208912	7071.085700494409	7487.7961777302435	7489.434956885033	7821.633079039987	8113.818304719445	11194.80447946875	14959.136321452177	16372.152891311584	19678.41295120546
102	bike_tblr	0	0	0	0	82.73218679447349	1477.3182581208914	3131.5482345622345	3175.7613870192004	3175.7613870192004	3179.564033375793	3179.564033375793	3179.564033375793
103	bike_tblr	0	0	860.3387187171414	2681.421163975685	7943.551046110301	14556.923911803175	16722.347509964242	17148.41131379491	17865.317299775408	19281.99375275486	23330.60029101391	29077.19416598165
104	bike_tblr	3.7316611502628803	50.98170020344941	176.1513683885455	1568.9983825681559	6153.802095754294	11907.226325930078	18977.299376688974	25232.689106230624	31485.104885641707	33062.97030135157	35342.751586571	36739.94707803074
105	bike_tblr	470.76010492596544	3783.3847743314823	7461.3213180547555	9000.752075676417	11736.183097520303	18800.469056532424	24474.94558699258	29901.430087048986	31459.549056814572	31776.529261529267	35903.790506097015	43110.27966752627
106	bike_tblr	871.9585573474269	3363.122365394934	7552.514229768987	11283.348757947208	16118.585971177345	19821.36552720346	23371.03681308513	26044.853520661858	27058.88915175637	28777.33634097775	35560.840413035425	45478.48954672791
107	bike_tblr	438.140388493533	2893.9557542098737	7759.029935902306	10213.996057820994	12704.13390140399	16588.017740567742	28247.159027561305	41844.12734401709	52557.589868521834	64911.43565823427	79272.96774941619	89485.04409362309
108	bike_tblr	237.2747977637962	2815.4149954872223	10648.32518600743	17413.202750059074	20428.621234423314	25239.422058774777	28458.675929057805	34001.134771507466	43555.2539721883	59241.41866767177	79714.94804352454	97554.66275221438
109	bike_tblr	166.41748996564388	547.9948308169196	1880.0901023266913	4497.3164029438385	7470.217488965098	12684.639770139676	23681.08483215716	31388.465101625	44089.586539801	61136.436063849724	74668.89325543359	84291.57383440078
110	bike_tblr	182.60737272017278	3181.6771291620826	4298.25693026131	6034.239104266837	8634.568213161621	11417.931809956706	17631.919015065083	24968.193118117004	34540.81921557746	48575.03733467662	56950.82451390172	63546.05962986886
111	bike_tblr	1817.7605422585866	4341.749887688234	5320.5146240061085	6337.723757036905	6702.802496326733	8777.696397838929	9453.468564674025	10559.098429568072	11272.43696341173	13610.935742113003	15938.353332435792	17702.73984772098
112	bike_tblr	171.70400047485728	2004.1843660427758	9616.0599199303	16054.640680212991	19708.794946844784	24336.99779261729	27730.657520975492	32581.10379301758	41772.600475978084	55548.421501591496	75553.9521916903	93469.94209351162
113	bike_tblr	57.37108419335944	806.7855464270859	2039.8179763016567	4766.318955770963	13418.143311342168	23874.111749789823	37085.54143143217	54415.572310563	66911.04288203413	84041.78826647575	96858.13955582827	108650.70107754538
114	bike_tblr	358.49180547644175	997.9298850470922	3377.6449744595234	9402.196003064551	17201.59450794132	28341.702290726666	38973.70203623633	55677.54126851973	74534.00492409461	89230.7547213724	100019.72095629088	123654.41610838813
115	bike_tblr	56.51811244529234	389.6819013307811	1487.5364646763862	4162.615170306092	6089.546004387177	11726.37549503127	21774.42987998035	30840.196202817373	43703.57504387301	60741.25566489005	73458.20395470093	84140.66115583762
116	bike_tblr	414.50845771144276	745.1386597375608	2304.312667929724	6216.2031101992525	10391.236183212435	20273.622214759533	31902.026373139568	41851.020969973775	56821.919330415454	65441.454129081125	71914.27304067193	78662.64276786377
117	bike_tblr	976.9403048127976	2102.478485350118	2439.447463601997	4200.817808749362	13310.34853055889	27098.62695028589	39988.679483243075	51536.53003097234	61595.92374322422	71848.37240293018	82414.67558650862	87988.34743339698
118	bike_tblr	134.25403860194368	1182.2308097701887	5264.870632259432	8509.687346820623	10886.155451430888	13880.965902294087	20228.196507606925	24582.985833434082	29427.074497589303	35556.45978756106	37958.5373434908	46881.7420763344
119	bike_tblr	97.2899227268342	8488.636485992221	20430.363925281163	36543.9252312227	43301.3597185822	47190.41327849834	51903.16356343446	57885.57825969449	70024.83635641664	80324.88865438418	88940.04213119755	93361.78784647577
120	bike_tblr	78.79339600536838	1072.7764366840106	3853.8290457216112	8190.228568514423	13983.588543337166	24164.1081391459	34374.26296840076	44090.902819786126	61417.64441529372	74567.46255285482	85240.32577636	101739.91432195777
121	bike_tblr	66.79825222911802	1843.9266655088397	11284.283118719672	16953.078277547454	23106.37585689398	27309.30728670051	32135.966132228346	36172.295525825626	39025.20998466589	43628.02769673702	51148.32092099315	65828.20562025835
122	bike_tblr	988.3641598012055	3112.975076022543	6475.628297764165	12869.125450435837	20429.41197960685	28603.95325564176	38077.33065143391	50267.882261290164	58635.98033396571	70385.4615912073	94861.55600498566	132078.23421794662
123	bike_tblr	757.521002234747	4374.390731291443	6185.603424164662	7610.528360372189	10345.254779228455	13656.378935372952	20185.099112532793	28443.37843641487	34348.83907965692	39700.537825103354	43409.98758790001	52287.28979593507
124	bike_tblr	0	704.2947920243513	1514.172913366758	2670.8681373612285	9667.68569093483	20200.249306408605	26066.484848406944	32945.66829316032	40044.6162802344	44348.23454578574	48567.14552999403	52690.1614817759
125	bike_tblr	34.9768993289536	489.1567432513306	3116.131783485482	5237.907566893582	6703.740001138428	13513.12174423804	28999.701700877464	42263.04817893688	54644.2281013035	64691.45240358636	74479.10160207676	88341.0145168026
126	bike_tblr	0	112.77250354853484	3402.4276779239153	9913.223775869239	11956.674796726133	12637.579114877406	14769.796512528024	16171.00539952589	18161.32317357741	20617.72954091609	26017.134843702934	36062.65684224061
127	bike_tblr	279.76742088591715	2489.327401813277	5100.118357702292	5479.694156662383	7471.919144275369	12793.154896368309	23700.57305732399	30270.111028445226	34249.92691341144	38309.42566320883	41489.2913254111	48231.86825660836
128	bike_tblr	57.830566024540225	1116.2593956900992	3313.5756936065804	5493.271136888103	7673.644610052008	17703.851765053914	33419.337974877715	46432.00247799833	58574.00612963279	67763.76097491125	79490.58676035942	91113.80742739445
129	bike_tblr	283.4385043200705	4196.346145647696	7724.479125425734	12544.907772605064	16744.764315542074	17513.42443414012	18854.4178873955	20480.117995890443	21875.373396610292	22735.581632359113	24377.77342155718	25380.666190633045
130	bike_tblr	4255.3192562218765	19365.37315969503	37349.58659805457	66945.90726954486	119485.28991241932	174268.52908351258	224934.8058899243	274425.80915753363	297864.6555218289	314821.31984352187	330022.96551282704	337765.7175440191
131	bike_tblr	838.8584078218806	2965.1596104698865	8984.210417156537	21018.594256390563	34136.14507624754	53195.68279485828	77933.38779364257	115206.92607414024	145355.39209994007	186334.89770067387	228190.6675800522	268939.1975759378
132	bike_tblr	4153.2583676977565	18457.062766842253	49862.78442131289	91658.82404773509	139185.51523726125	177450.97583102356	220236.20408214987	257825.05409606994	284437.26737761794	303346.22190129105	316390.45119185484	326036.80116909114
133	bike_tblr	0	71.4116846998904	5809.17147905122	13857.001097549737	18575.031682708828	30555.311597766937	37257.00500275264	44048.12991165494	52194.15309413591	54629.05671091007	58290.94853917341	62866.83040688217
134	bike_tblr	162.4264613098383	1172.6067426146406	7772.824333946841	36232.32212632954	76734.6609644287	125160.18227835033	172756.12116223626	217897.62695568928	251016.18487088697	281301.3517873593	312920.2065829127	332330.23593762284
135	bike_tblr	29.497793150833065	3999.8074366173364	5009.872852806871	5232.37566575035	8221.200818785139	11992.276978908161	13138.692124647972	17105.729482620933	23930.42307353966	27439.222746324456	33769.21235266538	36443.97545779425
136	bike_tblr	55.78209997322964	1468.5524841230824	3358.72154135459	4181.659189834102	4692.482633238346	5843.516820295453	11153.034751931611	16992.78352842879	20894.6616438761	22386.184057033402	26888.774166995	36561.99662597334
137	bike_tblr	213.7510091562848	3704.288981978421	9747.60881307404	14021.384733849041	19088.27935340988	24463.454521996944	32079.016441299755	44809.06869449984	52548.56648683291	60686.58429088649	73016.46187210754	87236.88558767148
138	bike_tblr	92.15139272429884	6435.2269544242245	9542.71962540191	17414.225548159262	28360.08465129642	38583.24972598107	43299.695847837014	47843.49077437374	50540.28788914061	60612.1336777571	69681.02726760691	77815.00551692297
139	bike_tblr	4283.635016910004	15840.963429363821	31192.078523828444	57523.147912810025	96481.9557073315	158451.2220025194	212395.9606779834	260192.26241125487	294142.3326225325	311577.863138633	326670.3698670666	334801.9598753128
140	bike_tblr	3126.2223300305445	12605.384008055116	24136.956060786884	35387.40465740519	52191.352250259064	75256.05300631018	104141.78655958074	141604.655300395	179012.2008703269	213773.56459142535	236244.2646732637	258791.27631732353
141	bike_tblr	156.64539520297046	309.709430150688	632.2830686156595	2302.0264656477507	4783.395336730102	8147.857175644238	10957.151438330973	14396.943873478214	24860.881780689713	36535.18204385619	44937.06825167106	47976.22666990356
142	bike_tblr	238.3254421209696	2102.272350269952	3204.4881144177098	3452.162549783256	3466.979078592364	3466.979078592364	3466.979078592364	3466.979078592364	3470.781724948957	3470.781724948957	3472.456465572327	3472.456465572327
144	bike_tblr	1204.8384083964963	5430.112975030213	15604.111936704408	22981.403760352187	25745.395472020984	30365.2123241503	32005.42742474986	32822.561653877994	34810.454415998676	38523.89587699461	44560.27971182294	52997.77587254313
145	bike_tblr	1455.0682992273091	9296.048105433674	17351.082455275642	21198.4310891613	25471.329822960128	28890.376491914143	31615.879524349024	33674.923639570305	41050.87780533355	46584.716191498745	51653.89520814635	54860.18972299555
146	bike_tblr	486.8214590704662	5517.739070412206	14264.313391939331	19385.669043091926	22068.368441913266	24760.085079480177	30215.429767645226	38698.36170144442	44979.32248821041	47865.104917407065	49249.43416808171	52225.47019776524
147	bike_tblr	5063.383261235438	24252.501554400933	56282.78389461958	108448.21743509531	156795.43538433925	202576.0994148063	245336.14567981876	269924.241880868	287371.2271615171	303272.3765792546	318365.66252623865	330609.28354839096
148	bike_tblr	38.78778354209718	1043.1124702048194	4179.500319955505	5262.308815431766	7013.959843403403	11398.484174101768	12935.107262443482	16555.740690266968	23190.77984882419	25754.362440150075	33460.15456228488	35445.522644104116
149	bike_tblr	1880.1702109745074	9250.112852444803	21124.623626575656	28757.322972169914	34260.356902863066	40909.99831088907	54253.83365260837	75380.40800915223	105552.6101209882	145522.2614003089	181267.56322312023	211264.5890845954
150	bike_tblr	5872.115766501333	23607.16961081256	61158.28038493487	112335.68010246525	162269.68845066248	208453.3721832542	244675.4471557158	270440.0627104223	286555.6344961289	302512.1517062753	316991.7645256006	328223.15403634286
151	bike_tblr	1131.2743270132187	13048.981675496438	35514.82080549996	67923.14958841683	108620.06974996305	153110.0030432281	190528.5520069457	231747.40531482396	266238.10643223557	288534.3752390764	304091.83121202874	317400.0819093935
152	bike_tblr	484.6469233425396	3369.749140102824	7455.053579784661	20448.6017861144	33778.96417329905	40075.89760426067	43258.696817132186	46625.27733392636	56302.614292187536	67294.90916473676	80477.2295082469	90385.17763280995
153	bike_tblr	1092.5943873033445	6173.006310936636	8920.653703006266	12835.06643985757	18034.135288597176	20235.13871736152	24373.652077429935	27035.74847372223	30241.037105273608	32785.68706107253	34536.402031161066	37949.70373475441
154	bike_tblr	2874.0640348503366	10978.034743792394	22030.27301559381	32551.23503685856	48092.76765319859	68436.98753237119	94578.07869964319	132356.24080946879	167648.7184310426	206451.00382743595	229013.65134398098	251004.95079486375
156	bike_tblr	331.15871359255425	1771.7584827947328	6156.785529353438	14541.968783580549	20040.580251557876	24194.819916114386	27753.54456927719	33112.83998010202	39680.14984800293	43209.65526776952	46155.56361798261	52331.05550217818
157	bike_tblr	420.2318040354347	1441.6956084248359	4838.553753898207	9472.954201732095	20210.03370294319	30258.622967180083	41051.313265125194	50251.67953509614	60570.510151999	71012.844852242	81416.6552415836	91522.76165158578
158	bike_tblr	0	2045.4335367939661	12111.181364841508	23463.14864590104	28741.717903615117	31137.586176720793	33416.46044712342	44897.838748454764	51783.35545964226	54674.60490163089	59516.53791331522	68170.5502797839
159	bike_tblr	1401.7184265795195	5799.243846344315	13880.227926394451	23591.40184036145	35164.81909085836	40870.97056721192	44721.827888198146	52118.882204827714	56886.73513482532	63267.912769260925	71299.48020627454	84030.83450093468
160	bike_tblr	247.9478997425213	1992.2310197032527	2897.5178015474244	4585.973308305323	5421.256773035921	5976.38680805236	6790.290666320289	9053.06009713619	19041.557485669106	30310.18404450522	41822.348643955425	51322.13045560557
161	bike_tblr	186.50161374194164	1084.3298366777783	2296.902149486976	3892.7825835942117	5981.559778751155	6526.47797804596	8141.050449751927	9762.179384343952	13247.342704368739	18266.22409653592	22364.011405556997	25216.440700075684
162	bike_tblr	488.2343842899914	5151.930894658817	11112.823494670043	22344.706884280688	48644.46961349121	86461.15867515536	129667.48241516558	177657.58268746544	219701.18013352752	249962.10213277698	279731.86489873275	311820.7426690762
163	bike_tblr	1569.6322538410238	4942.413417480048	8761.565091710547	16101.355320795365	24023.642563243713	26837.393311016487	30687.93286305306	32375.32584090557	33759.24041821489	35806.23739446585	43299.23112210352	51603.8938467508
164	bike_tblr	1468.2462042073419	9836.876163048244	23800.900983938816	39193.61901294165	63649.18485313718	108364.40477346756	167447.18856221612	220000.65588878468	280767.2987286782	313857.8875478457	325082.08523190074	332905.01134793105
165	bike_tblr	345.5477804312018	3500.547539481013	8006.345121057195	19947.89891379014	34518.39953636392	57530.569808761305	88538.83923504101	129168.72905423098	194365.9980514701	247094.22845711836	293872.8259748262	326656.5530623213
166	bike_tblr	4056.9943313617277	29113.864039381177	68969.36203332241	121921.8018208632	170819.7016279687	219611.96884520186	244883.15018411583	269191.17545272247	287297.7190430084	304018.3088877808	317228.95229491685	324847.7637522415
167	bike_tblr	7874.197622211418	28155.454327617805	69986.00766706764	113159.68306349518	157741.7738915462	200610.8805730106	237715.67192866423	271930.6519049187	294746.9739925644	311696.90795617417	321066.13188305893	326507.45496013155
168	bike_tblr	3083.3237138379413	7855.756565250618	24365.831447178673	51198.934975659125	88116.97601082159	132624.85746214283	176196.5904881734	222678.88320402574	254489.3942878285	284016.9496871958	312514.10531141196	329270.05815021944
169	bike_tblr	495.376482328288	1161.6128988602416	1465.176554372886	3721.023367999658	7780.084092001733	10746.353668899012	12581.654559596254	13299.202940471352	15247.475842619282	26181.833311518287	34301.4595404435	36623.99767278959
170	bike_tblr	829.7082681450812	2823.3643121902132	4084.2174722189666	5843.03069639451	8406.339247883716	12387.102150807961	21255.181025352318	28402.96613827403	31991.78986145357	34762.189026317355	37864.840373149345	41726.322891293195
171	bike_tblr	14.548204832917243	219.75680550143716	1067.5994177210341	5739.648652945718	8881.258421795977	10789.599963014762	14822.974760115227	20103.4306485846	22897.242346199448	29253.406074173294	36422.569686877134	42019.425551381544
172	bike_tblr	81.70279902300994	389.3510805738635	2830.382720602205	4561.66148945521	7202.41011227282	13064.311261039682	15817.53160019101	18259.86826566428	20667.558580844925	23643.722832887943	28655.45607380453	34623.36062351228
173	bike_tblr	2764.697393568571	7891.187078624295	15551.337438042048	28574.503656058307	38877.76702652943	47298.608855847124	75647.99578636768	105143.7063932583	149467.44046247596	200640.66819037806	244149.26870114554	279283.39453757607
174	bike_tblr	1165.1386397957144	5502.530626996939	14048.551902796346	26386.080983521093	40759.38139547116	63944.6254515842	98187.57049493684	140383.02051746473	183004.16544744538	227153.12168236347	258966.36437772214	293593.43591178337
175	bike_tblr	2103.627044039548	19042.229687720606	73646.16114863697	130792.66646927867	176474.9272626022	225789.03532681055	260945.20209403546	282842.6028430336	300174.66881382855	314745.2996597331	323534.5412912336	331358.82427635917
176	bike_tblr	3611.0760130444487	15919.378508962545	28049.611637666196	41423.14063566696	60827.05760991082	88005.42241871433	119944.32077443898	157513.23275528057	197870.2396385224	222254.5121426619	244949.4367591365	268121.06775021856
177	bike_tblr	176.30008899163425	706.1014721728147	2415.089185798382	2923.9384931063	5450.007010741426	7269.905704384335	8104.688729254921	8669.94817524012	12447.79767534252	21280.68265086206	35685.47190501738	44693.108686940475
178	bike_tblr	1142.1422137022712	2914.1804619109307	5723.863136279674	11102.19259957957	14756.302425358233	19400.366196715186	25122.89246392781	29693.852109213592	37657.533746327965	42647.80967725706	50049.762569115825	64027.258871525
179	bike_tblr	13.321150058582198	1868.0177938429701	5678.621158526563	8715.754428869366	13151.932491789581	19389.80647413057	27491.25256985114	32161.624980077606	36574.480998217165	44736.498892406235	55719.57164444229	64404.706738012275
180	bike_tblr	0	9.10856259900923	360.53346869169263	2179.658328664275	4352.3299757895375	5177.627851095675	5475.156978264449	5872.456309683223	7323.162823662898	8936.659150991316	9499.521783044755	11280.571413095777
181	bike_tblr	1174.8700934689698	5745.425418680525	12931.33518108934	25380.503803953787	36869.027279420596	63858.47426409957	95778.78885582786	144978.33114229087	191922.44228226104	230934.67685814793	262329.1698848878	295480.89404466545
182	bike_tblr	337.497597747281	1932.754008588588	7080.122687882657	11197.715969564546	14951.997209386369	20071.838598297403	27254.856191015446	43139.2703810352	52265.09034948062	69734.25015487635	93849.38703536738	115669.02935548557
183	bike_tblr	13.415433759348273	30.50060943157314	308.9395302582758	348.32882593990036	362.79903581791973	362.79903581791973	365.16530284848034	368.5415366619912	385.1990435526251	404.99847149999624	490.9486509165026	584.9400181222856
184	bike_tblr	986.7084748087725	4004.9610898551205	7330.076062531765	9672.053645510156	14491.302989930395	24834.755914896105	40415.5502537637	59120.32886739607	68961.43561897869	78481.07542150712	92176.42270263801	103639.98748173799
185	bike_tblr	25.50147516901642	561.1376012307607	1710.895504420066	2390.178741761567	3101.6622002515414	4395.347278760767	6442.048708259811	12851.944276892329	19045.73991808239	22344.358142238576	24508.22249807506	26724.86005658622
186	bike_tblr	129.5721843138232	4591.7373682076395	10357.451012027555	15834.402781471368	19994.68526336016	26758.314063256494	36216.32586304205	46083.332893492094	50909.669411821276	58949.49093823991	71230.71001845508	85632.05607314497
187	bike_tblr	540.3568034019582	2686.041469779569	4483.182583068166	7501.117148116883	13019.130953889857	21269.754693924326	36029.139492774564	45044.19101729261	49631.52564749262	51609.70037036263	58910.99844537796	63232.31737107031
188	bike_tblr	110.39591113781735	982.112183526489	1858.1418098120307	6071.317513418845	13797.551440405632	28254.12977440856	33014.67366538486	35274.84497640074	36373.06669934109	47242.348356732684	54926.41160751433	60398.36601344311
189	bike_tblr	3635.781872369975	15606.081090704633	35370.176450902196	57962.95422882025	88506.73075793925	122333.01542608076	157065.9105864334	196890.45701869158	223063.59799806116	243022.42748176347	266107.46974549274	287868.56589105626
190	bike_tblr	631.9572240792077	2420.0398483709614	7794.699759171035	18789.910190839	31159.541790355186	49278.190057790416	73053.71375388555	109278.1063228186	139953.59065383254	175753.9428206875	220368.72204354193	259578.16607481905
191	bike_tblr	1245.2867937889666	8688.901296842578	13843.60381478478	16604.48395266328	17885.886822356413	18034.094818193607	18101.57458703337	18975.676129233743	20759.94740868032	22322.14048202738	23242.141075	24740.959330878984
192	bike_tblr	720.2443353700506	2376.0575346476257	4999.32219635431	9483.57692350385	11569.326880312792	16846.321905823843	32430.090642433333	47905.30433689	57587.47576063632	72158.95875985589	83885.33798051333	90471.70905102148
193	bike_tblr	600.1786438359658	3138.4121151740405	7906.876312695572	10189.926843338404	13193.80808958914	19616.74089880441	35941.428827274496	48458.54420767433	59942.48862663996	73089.08268589	84791.88697571862	92749.98101677252
194	bike_tblr	211.50977911212405	2878.908485320295	8336.543477601033	11810.631794799998	16556.240666479633	20690.730554553513	25755.715935317075	31140.369582598243	36632.729237842366	46362.33090824382	63422.6293463939	78722.83615151317
195	bike_tblr	19.626689724407225	447.20604262599846	2773.2974225497665	3688.7410164057947	5850.9678884277955	8078.07037558831	11998.176212626207	25798.047442062383	40560.50434183727	53680.080883067974	66462.43405470584	78726.3190460791
196	bike_tblr	0	138.63250003236968	1478.2014668368506	5629.050025513516	13003.95389532514	17101.521243028972	27529.60028257243	41601.93282309165	54820.77124786452	70910.31862795303	83132.58132161039	90268.38152917183
197	bike_tblr	27.267464984433825	1934.1264101728436	2730.456010093422	3736.3142248152935	6161.46609106453	8091.030477474014	9900.136938697644	15228.447129227452	28796.288931686122	43591.85723819633	57788.36544137204	75680.87953547345
198	bike_tblr	358.07956160457877	3844.214129358913	8860.023420116988	17640.40480824618	28283.69218170656	39685.68781200231	44275.16255955734	49913.91201099605	57908.45350804662	73033.1541869825	85632.77342231337	97608.84036939946
199	bike_tblr	0	100.44548139207927	4692.638492568231	12577.33076037389	23228.595568852896	33162.4144761968	41706.00993305	45387.73464416315	53908.9312938557	56675.325612239074	61650.78306894174	71218.27055299516
200	bike_tblr	47.52725791209653	732.0847517638074	2332.543881823015	5684.69638834414	8807.669635915365	12065.858863896363	16038.681754923266	20031.71652016093	28426.123327109704	36344.48937266531	44142.247877074115	52510.60172872921
201	bike_tblr	0	0	26.017810927220893	40.26827578051713	308.96150476074814	362.30460951229264	363.7549266754654	364.2493529810925	368.5415366619912	380.8536069724597	403.96536525422164	467.35761654134006
202	bike_tblr	171.00633493886556	3283.5530928329035	7573.732785953324	9236.921952750017	9490.164249350146	10099.324924439272	11276.324031290414	12584.832524948904	14185.23085437162	17274.82516744201	19083.5604453231	20260.580248957463
203	bike_tblr	3813.8798895952327	18462.28661881406	43443.224248172024	73081.20203538629	104882.18878905453	140062.13871815344	182812.06135463034	217951.8630685748	242499.2973843017	264844.6942277387	285444.55181633733	302827.86098432116
204	bike_tblr	0	92.29500560849043	1850.2674968058477	7311.2561006221695	11537.829080565323	12340.506329605147	13853.493573500253	15824.552811786074	18115.936018701635	22195.668602942536	28768.355454756398	37925.20999321356
205	bike_tblr	22.271146171388	100.53056523497098	1116.5067641141918	1941.3468248398995	3325.560776561473	4019.8069955490655	5514.627383178028	7103.938061717521	8180.881345170333	9467.352886488865	10925.133671031666	12862.381696668752
206	bike_tblr	216.4569303488853	1529.0103312932251	2782.8823413124255	3512.7233941762556	4280.66407924463	5244.576214598529	7333.842777075932	10137.94597061069	12457.812555328976	15509.636899102354	17800.954159205306	21253.56921851941
207	bike_tblr	18.599472334837575	23.732059774694765	2025.4510127344308	3020.296200093315	3180.3619980257517	3194.3608593540375	3194.3608593540375	3194.3608593540375	3198.1635057106305	3198.1635057106305	3198.1635057106305	3199.8382463340004
208	bike_tblr	209.14849125793307	1802.8957587440304	3715.5978093017425	7048.905385741924	13447.081720863793	20672.93395248414	24107.688358405903	31228.626885193215	34737.03530003109	38922.224354589984	47777.083633479146	59365.938600484886
209	bike_tblr	492.11466719472276	4725.770593095644	10562.460466732526	19474.57682464575	24666.865678007678	27715.294036391817	31467.1798386013	32244.83783496455	33630.483015197424	36017.00032875138	41762.90471242834	52993.020107789824
210	bike_tblr	422.09452650403114	2058.6783018499555	2764.886232867667	3406.2513192203087	3643.5277789730208	3997.6244633015676	6078.714766358667	7306.514278438125	8234.397039469015	9979.688836292096	12446.411890185595	14924.175249407443
211	bike_tblr	1371.7207921105464	10574.18628537066	17700.951779178984	24318.14539438208	29543.34424454488	31994.512673861405	42271.36387986022	49417.62677625605	53456.39072998041	55624.62333052587	61882.46555790792	68493.60899073302
212	bike_tblr	774.8911501393208	3265.2171661751718	3728.7746976266744	4226.890995868612	4915.820211253527	10443.668394231627	19675.079152945513	26154.03044697727	28126.46516511287	31918.722627098232	39088.815044653966	46068.23642655187
213	bike_tblr	82.19605909549641	858.1140920749089	1792.2213367256675	2048.4143532803173	2626.642275439794	3539.0421231281684	4319.289344792344	4910.514813441806	5774.691049304198	7814.104329082177	13520.613171626506	20378.55110698493
214	bike_tblr	16.642694100922554	66.41523720648533	906.8198033383142	2518.8982819017883	3486.8087734695396	3878.2696204726885	4370.342323245803	6197.400564011192	8003.821183581002	11024.507523229055	13509.204152927274	14650.56738911989
215	bike_tblr	155.22229483318432	1882.3459687745433	3708.3734735260805	4552.943019297223	7476.790199375864	13171.341389119012	24305.862520951436	33699.088266478604	39078.25017152504	46787.7230577957	52543.69578960012	54221.55346046829
216	bike_tblr	674.8605955186474	1965.1493809393648	5736.318235644294	9445.047553309043	11444.402840679912	14981.511135900735	26465.276246350306	40383.63657651286	51562.7869929435	64255.52070648146	78461.8750028644	87494.29331996845
217	bike_tblr	804.3191079094297	2538.98375641881	4510.0446993739415	9905.901398195378	14366.669238853405	18251.13018009454	24192.572123277692	29032.37419681221	36740.90608826224	42316.64321194702	48402.45921701169	62159.815736902376
218	bike_tblr	2080.789004507755	5100.255432740815	8750.233202288178	10305.943784653275	10881.4821895297	13891.19328830385	18278.626936316836	24700.64089438718	32060.144430878063	41080.59293931037	47740.58616213194	55045.98641723896
219	bike_tblr	2275.8518090478747	15040.615827262909	44407.42126211988	90188.89704289331	131446.1254659347	169975.5577093363	212941.13852721604	248675.3360266117	277377.0758335697	300494.67164314777	315654.0443909774	324510.7271788367
220	bike_tblr	3287.607840947463	12414.259801948243	34418.56578935591	59123.585327516776	93787.7987074159	142044.29608766333	187835.40325303597	228211.30923087944	264762.1069012731	290025.7486379844	307985.2760738635	325755.25788030506
221	bike_tblr	6738.749943622917	27470.967369249898	62222.99118682288	113684.72316167792	154483.04526149956	196351.70311533238	236209.62870943086	270221.47712626844	294061.8026284618	311284.027257097	322546.6729269794	328654.9042366365
222	bike_tblr	288.48650889273256	1948.69733555945	8788.476767317174	20002.42525015807	40409.770653158164	60020.83675559298	84589.37657928639	120373.57433646594	160139.57924662693	195249.10744914427	233808.28795377474	256900.2280265414
223	bike_tblr	101.39835858101631	373.3298331735379	1709.3863041630027	2628.416599673451	5473.1473990571885	11560.56908374541	17470.489282910185	23173.23697087726	28397.233437800707	32924.4349389173	36514.52514997086	40228.33194973808
224	bike_tblr	581.0304221160033	4725.1627839926005	14096.658670089364	22047.389962532234	25466.291009525343	30131.00781287985	31849.574633628097	35377.4960319794	42521.89698772655	50398.793571331895	52761.751546236985	55378.084345475145
225	bike_tblr	0	0.9435165976516943	673.3740140409024	982.2431833957575	2855.717303099185	7064.543420331759	14502.422576651183	18746.525573121304	23326.924441237814	28483.658335007774	29581.346512815955	30522.586799231834
226	bike_tblr	509.41617052152964	1908.0942018726066	3871.02922272302	6610.973221892827	9800.597574509982	15473.34501200169	20198.47956890864	30466.119504859485	36129.72196298766	42568.69100477092	49337.21692788922	55594.03703526424
227	bike_tblr	81.13736053938926	1019.982732575548	1725.8894737240496	3466.062042170244	4234.140626634607	4633.388525189502	6701.025552605128	12661.852809874446	18205.556443130044	22183.730396720486	23299.00885420871	25378.64476835614
228	bike_tblr	867.0516385513225	2991.007626531855	3320.314121541061	3554.787814178258	4028.608237146346	4755.027837597375	7659.273120407791	10790.278964328028	11646.404961669597	13521.356531725087	19657.885011328854	26349.342259524048
229	bike_tblr	2012.7097882778096	3777.2890596664197	4329.778723811339	4703.110634599631	6214.624500016744	7724.689952521742	8936.997849577057	10023.139262625009	10522.872649822766	11978.142843970654	17204.76219566895	24918.724248577495
230	bike_tblr	739.4849787137694	5078.757158740224	7870.214099733721	9195.53626747126	11440.376327800599	17931.707456668257	23828.050227128995	29831.033338378027	31553.538494363158	31668.556555869156	35130.89002785044	41226.51637243952
231	bike_tblr	116.08841348765303	714.2784439894706	1931.7975180712824	2499.9313007255637	3398.4774869751814	6129.252634230203	15716.426398493491	27626.18080563838	35880.4792851221	40351.30366476953	40915.105115910716	43273.91964214628
232	bike_tblr	27.998479352636334	2269.981503992761	9090.545392087952	16669.193261233562	22281.994562655414	23514.57347610467	23733.509400228002	24963.170009168283	27360.1851884304	30388.378670247483	34211.65040020269	37484.91180954836
233	bike_tblr	67.88984328056995	383.0875117635576	723.1060133288454	1215.165055822368	2464.921948242337	6421.433125908337	7848.668773601336	8831.320817008142	9993.69271341071	11844.906402825907	12826.016991626908	13739.76833033845
234	bike_tblr	1361.6148451835984	4237.614508902227	4975.764352973529	5967.622604958181	6540.005382282095	7833.466795744826	9708.157285613974	10362.788419763283	10887.78307979061	12003.533929667345	14955.421267526528	17129.545146013017
235	bike_tblr	1467.5848698454643	4296.0265575365975	5007.242960873166	5651.62206789643	6443.884406758026	7072.205813873144	9043.446102026839	10088.602061286927	10633.663021226652	11455.773015887899	13971.502907558046	16713.025626078885
236	bike_tblr	11.948277910837819	1377.9989671711141	5652.13890757652	10042.287222932213	12978.507450758898	18564.596356652557	25331.666252933377	31460.176121553788	35527.013572133845	43948.49281346875	55009.64064812235	63812.727019523554
237	bike_tblr	1146.058359117644	3235.03110572651	5592.232412846222	9547.959422861592	14122.055093445808	21968.174127642902	28877.806866133884	35092.833200009	47904.74001099502	61654.86473022388	75538.79403114105	100212.81103952625
238	bike_tblr	118.31150253989338	2499.4389730904836	7604.154804852948	9987.43644996815	12457.976793233905	15874.076054702418	26603.246855697405	41053.94907887902	51813.2017432481	63997.86175623656	78682.75465070477	88158.52514737209
239	bike_tblr	47.093233439935716	1936.1999343707735	4302.495906206791	6731.071396542509	16801.546934376925	27668.477878465186	39349.197829924145	51028.77239516861	61618.19118771306	77604.57357478382	95448.91021099716	122041.16818860578
240	bike_tblr	508.5533835857451	4665.9799022178795	7480.549097854063	10625.192767832244	17251.894812813374	29594.39041929527	43843.86397033547	52523.936829910905	64257.923034405045	74565.18695031853	85891.36107532875	101960.65297040652
241	bike_tblr	200.9497078610367	2060.9386150105897	4478.798855578578	6774.113008763872	15684.783091240304	27847.57301475076	40353.54477286147	52197.58789352832	62508.82443909311	79467.54368782986	99049.69909965008	125022.10583369574
242	bike_tblr	13.505159653230505	222.9762843957785	1336.3293835760971	3990.0054835034807	5455.204236067927	11049.628006883126	14915.873072150238	16397.96005235028	18771.43926081151	21268.2337118698	24797.329532502048	30502.594449416185
243	bike_tblr	34.84735631266793	3148.1674437963343	6129.220098584581	6786.017477746034	13412.932177789495	18280.413405988354	25503.12449729742	32739.878630400297	36573.632429064695	44857.40423253376	55326.37228037111	63743.50679803091
244	bike_tblr	50.4044052772422	256.14389899297163	1777.552986544617	4056.841163002326	5755.925986252356	11494.497999560077	15010.29837175623	16465.503184373054	18875.071119157372	21425.698090203306	24859.040631679	30914.26697473903
245	bike_tblr	232.68834773500916	782.6934795489531	1828.9218662181358	4784.87943545264	9475.268370924243	16797.47957786557	28192.210028467493	41791.82642625655	56355.53535025099	66336.35713023812	72493.69526203773	80818.99143161041
246	bike_tblr	368.2576866752843	1743.636617416318	4938.8759840711655	9084.232424001388	11460.615660446821	15953.206076385235	21983.041363627533	33870.278918584045	47998.97614228431	59935.07205932065	73149.042068218	86021.12162835617
247	bike_tblr	579.7028990374306	4605.640031658466	8783.087513868226	10679.260274918526	13436.907092531224	19160.460429701357	27863.381441079327	40809.44917821824	52412.23390294438	63840.99694462655	77308.1766180578	90214.7735784265
248	bike_tblr	157.76804248029697	564.956046051017	2019.7866295351341	4656.125105053055	7950.732065679016	13399.44286009704	24042.45854377224	32511.33196061784	45825.42003455518	62200.21277375217	76478.25289931659	85837.3263885064
249	bike_tblr	181.44159897503067	4454.42964614592	9513.05795468863	13007.18528567458	18126.19368914233	22627.484596064285	27570.342292989342	32705.061243132528	39547.88206539612	54636.77049927945	70796.89094656956	85150.62814384999
250	bike_tblr	3.1387010054024547	1087.9816613195514	6039.831770017869	18082.909826459385	31397.527141132323	43803.033084607676	51798.93052155369	60016.59017299558	69991.46792133989	80685.25659876918	87040.17611406936	92310.59791363866
251	bike_tblr	997.3812468575708	5064.560860502046	9613.96870180645	14194.988519135904	20782.808462869074	25384.880676145942	29412.136895546202	36788.993175551805	48736.10886549549	68647.0279252595	83799.96774859699	94726.2481363425
252	bike_tblr	391.1175095840519	2590.5227610935253	7340.605551094466	15612.952069952406	21799.153854006672	26308.46976689993	29573.20884460491	34846.5582820046	40747.06703558839	45157.5052766032	49647.05254935362	60313.494077282674
253	bike_tblr	1245.1169228630208	7508.44213323962	13042.296550663614	19123.751202549476	25038.534319916598	29854.035616983805	34482.98818982003	38926.62557643418	43802.075893557405	49608.70790607404	64803.15843787981	85752.7452826691
254	bike_tblr	148.2377667646323	321.0102052148393	1580.9628521087043	2789.1983342579115	5785.305848503726	9870.48473553628	19534.81716772428	27487.471499105097	36341.57335764281	51943.85617256689	68029.719866488507	79408.35403130468
255	bike_tblr	298.79078463899134	2188.448688993815	5468.896806647664	9048.243177264105	12084.86442054125	15852.293116707373	21098.05772023854	25522.712812417336	32208.211169509075	36000.71212194132	40063.51508303181	48747.78798058208
256	bike_tblr	260.2503619918367	5733.5574569711725	9786.452478308744	10287.27949684059	10743.218849719102	13676.844042515038	17237.232741548094	19539.256357942395	24336.30122262797	31456.51781664865	43623.39205664871	55102.52936601959
257	bike_tblr	174.5064181119364	530.9161556807633	2587.5618688173995	6964.734588318756	9951.287808410509	14859.255800075054	22477.369118641745	27200.26647172106	27696.92277637268	30745.78529518067	33795.995394996644	39609.32887914864
258	bike_tblr	438.3625386475928	3300.050001972918	11485.459697069957	20362.563060870278	25365.237639882653	33796.514856673755	42634.847651373355	53466.82252943237	65525.13941912833	84111.69231402529	122086.40943440159	165600.47241286325
259	bike_tblr	505.79638285609064	4644.289224731489	13776.553720279306	21861.202641718486	26737.769046314177	30537.946722313387	32058.843984841165	34218.887764978615	41011.537124880786	49581.35121592383	52721.92642534014	55598.19558699337
260	bike_tblr	96.23504364977394	2247.0778052996548	3303.7667462372397	3500.2267030118974	3789.518813751148	5290.916158400831	8326.11640087846	10976.545294771042	11782.939118955243	12291.279254204655	17440.600543910085	24802.542176678697
261	bike_tblr	10.170713979225418	342.7939159763459	1785.2720905690687	2350.0907574809157	2449.002563621374	2453.2385692321723	2460.3292098885945	2463.532343438082	2504.315564982027	2608.681710421145	2781.442987060558	3295.3332439516107
262	bike_tblr	451.3046505030873	2243.698903787957	6585.668553516376	15341.861708234268	20411.564377696664	25431.17926971993	28942.745758301226	33782.4020182115	40381.301587223556	44619.651484856964	48393.663396368465	56129.43077158969
263	bike_tblr	734.6350177355091	6631.198193545325	12734.273546030467	20901.964232829017	24605.40987597277	29605.991809720057	34858.763810301636	38060.2181373647	40801.746764670395	46865.45959228693	59207.67017557697	76972.38832036938
264	bike_tblr	379.31062615476003	2684.545649404439	5163.580173156989	5528.723486349966	7565.348949492082	13783.870127214726	23920.86126821882	29754.417615203143	34134.7957254056	38161.17591868164	41156.12835399568	47816.6294578839
265	bike_tblr	1575.0633545802011	8950.153824772697	17185.243594720527	26318.994542728527	35989.41566078596	40646.23395148036	47347.729389420514	53383.99111553398	56266.10672334096	62231.69044158355	70026.16556195298	79233.16446518307
266	bike_tblr	1096.8889249645813	2012.4789600436677	2349.015629153302	2380.7159572288015	2445.642956933392	2488.532320137261	2556.6509306971916	2687.6703166719126	2971.0851060288537	4603.399761096994	5043.721895456431	5135.961496845414
267	bike_tblr	0	9848.04966726582	28438.21083434768	55810.78451645769	94135.5601826092	140766.0824052824	186612.7949754927	227090.55895821945	261633.8934604057	294626.4531718621	316411.58974299807	333111.0067188934
268	bike_tblr	399.6800898999557	1377.9678673252317	2078.817900193973	6556.198758135321	16076.031802355341	21656.6512319127	26786.433118853394	34672.88386319877	41953.58112249579	46202.05841790464	48189.727729368344	51841.708296541656
269	bike_tblr	440.38344677209676	1542.601519466355	6167.90320110929	18302.909246769712	25672.386418984337	29997.18876800957	31763.198800857994	32190.58636128696	33006.061546014855	35071.16655176685	41888.09356095581	50640.94620965484
270	bike_tblr	1739.580802168551	8412.680914342265	17951.34142298086	29532.933163426078	43619.465429952004	62548.966875121965	90936.04957223513	121111.75576856501	166278.30407415042	220316.27306139184	261749.03361454053	297938.890520079
271	bike_tblr	1131.1236081945704	3706.440550172848	4893.415264146366	8552.290824363541	12390.534964887673	22255.72859286128	26785.18415641334	36360.89296065209	49699.345048700794	60256.25813229105	65946.8807274179	68101.359315013
272	bike_tblr	238.58152119228254	616.7697855105878	1980.0235033864026	5627.472622466616	12939.989209835769	20640.248324668744	34731.46388808701	46899.1416131444	58032.4504677947	68918.43499712457	74571.02413873831	80747.80627152846
273	bike_tblr	0	0	0	0	144.50056155052837	1650.3583701767293	3154.502032517834	3175.7613870192004	3175.7613870192004	3179.564033375793	3179.564033375793	3179.564033375793
274	bike_tblr	732.226621350799	4388.71070301361	14147.431934191947	22528.68360509602	24828.184570804977	30152.93175500225	31796.955544654506	32718.146253142168	34189.36374103993	37262.98192982324	43397.12794231878	51767.057379789
275	bike_tblr	3978.7893518423098	20105.880439208486	46556.38217327125	90828.04759955607	140309.17349474214	188715.30433778928	233331.01996124643	268115.04108303675	288880.600326283	304344.4588483608	318365.79244273383	328818.0018504425
276	bike_tblr	3412.225837986038	19722.696094570907	43904.52762229658	91784.1200950296	141203.89894912468	184808.81430832896	233394.02538082306	265261.08166466333	284210.7026441345	301457.54270790075	318566.3819626866	333485.3577678742
277	bike_tblr	3638.5418234117524	8039.145284472915	18101.48748262605	28116.66221297525	51961.432881474284	90403.15904661105	133414.80569854032	176763.11708257179	220043.24755535467	251071.17417901853	282110.6368998446	309249.53227570077
278	bike_tblr	816.6381516307903	5823.022876794504	7316.988187847659	13064.21376174295	24238.048514314665	28823.837014204488	30955.374462796735	33582.257323705635	40273.558439116045	52289.90198955509	57524.36259077351	61450.26575953259
279	bike_tblr	64.24655278746933	1315.3446696914825	3596.3780437383357	4817.732398556376	6099.347932275603	7884.142746432855	14548.933318108599	22555.082431228417	28006.73757722923	31027.852200844307	34134.848018228986	41431.64563989548
280	bike_tblr	1118.175850461523	4749.046760003407	12158.457310886743	23667.618542302986	35731.72088048268	41539.65673950111	43645.04371955099	52020.1272974282	56559.38550633351	64035.87137517044	71986.14628064907	85483.6464133114
281	bike_tblr	781.3447670254595	3197.050651509928	7844.0462892160485	14436.007490879574	22785.25184343047	29866.07133222184	41904.323164745	53978.88901446884	62724.17819563852	72262.66541918364	82894.2258440242	93146.84041684648
282	bike_tblr	560.3676356355264	1889.5380357810434	2414.0823955404817	2447.561891662372	2453.313828215105	2459.275584127533	2482.928768844186	2503.4263721346633	2669.049137913762	2884.6451944320274	4074.8382889850172	4971.744065832392
283	bike_tblr	354.24769287559985	810.5059185431278	1002.9291458304134	1146.3040579997771	3918.5743226555396	14804.802879282357	21916.771186677608	28320.801977185554	32477.3261886367	36122.55669401645	39997.92152948616	42011.95196177294
284	bike_tblr	581.7329159930451	4133.716233230301	13095.884060228174	21853.79286478264	25170.66830103362	29959.358424129132	31905.80948598772	32491.30526734626	33856.93734673017	36556.382430092424	42333.138603162755	52532.92152674796
285	bike_tblr	18.14117954931415	2894.3404989916544	13991.924649811213	24081.178662263235	28733.386570140643	30511.597015875857	35098.79436427956	46417.03059619728	51686.62898258174	54518.827559464924	58254.92791446013	66221.02359064363
286	bike_tblr	712.7145695946675	2949.167212965317	6329.1767748744805	18535.1922213607	31903.26197985802	39716.20191447849	42972.31916551521	46394.10164845832	57439.42534912472	66636.22169142003	79372.70418647554	87995.05044821899
287	bike_tblr	35.410345921241166	754.4525598737695	10817.019594147543	25198.633800467273	28625.06283572813	31047.041525093064	33979.790080043655	42740.247986339324	50009.14214409684	54499.976841720876	59722.63629500601	69798.87501757067
288	bike_tblr	2151.9920283831516	8182.42476959861	16344.57061439532	26837.183157226093	36038.46616486748	40190.73763335399	46886.95740150317	53438.969481819906	55739.5993673473	60910.19484262263	68457.1073675658	79393.65301054541
289	bike_tblr	842.4968356342422	6083.4955191939725	13452.927176570991	26084.24174654696	36375.38288809834	40486.647295366645	45215.62073611789	53183.61406606983	55810.44676445344	61812.09936968731	69980.47419361438	81372.7523781989
290	bike_tblr	84.64266089901608	1608.90916675465	2361.636411226931	2649.773545458035	3009.406498408748	4581.017340447066	5607.210618438355	6159.977553850164	6342.302658703321	6537.604597372282	7815.976761758592	11512.590640015362
291	bike_tblr	1007.204795421515	2628.860120894623	4947.235408458106	6209.992539136552	7013.815823792399	8773.600257101878	10603.613603162537	14388.732705222737	18079.90578112475	23711.458689406587	26230.61676932501	28928.20087753563
292	bike_tblr	204.819692486094	2695.6622662297846	4492.22141584304	5521.7998052256	7751.236592287171	9278.035690890845	10668.357148054929	13958.139642604907	16291.206107565678	18271.69986206388	21102.599742082613	28805.89763535654
293	bike_tblr	349.0799385109549	3824.8784698488503	9130.145082723295	14899.44163937091	16895.498707598457	17149.238215981615	17467.121491636135	17708.75556113863	21494.63419439216	26251.81889488146	30262.58528633269	30974.515977244788
294	bike_tblr	607.723916178775	3296.0788268583156	4954.064270667993	5505.329498336495	7674.59691888576	9890.84299143662	13244.053927598352	17635.83533721579	23285.12420739161	26083.63930466021	28547.25148639824	34099.55603652939
295	bike_tblr	1467.8794116481045	8154.343613913009	18971.73088398096	32321.62585612783	48491.944119128195	71266.36048509051	100874.44237082054	137705.03592570385	184829.41713108437	234979.79865847857	277010.19738672866	305152.0034802416
296	bike_tblr	635.0575248525734	3994.168962267888	7830.508094851783	11483.495232659352	16116.59085539046	23345.940359484037	34407.289079175425	40715.48945279932	56685.818683052916	77901.59115110675	97032.88996975504	113440.94109573774
297	bike_tblr	1275.116481308185	14996.638060662968	44868.09433600652	92805.92208050143	148291.91497332018	190649.9434832296	236771.7469898681	272273.9110773006	289384.48047961533	304336.75012628513	319245.9741774436	328957.2772171132
298	bike_tblr	556.239959959521	4973.456451788092	11027.009465339184	20100.356253340065	36544.36435445651	62977.27754300482	90496.11377034306	127210.30523312911	181960.1915610107	241959.47763525468	288005.0885199824	318447.5382747814
299	bike_tblr	1043.4223032949285	5560.4878070015475	7086.332062318202	7590.622548733096	12886.807520573615	24208.331257520647	28976.489113935502	31196.415755235408	35814.76626473841	43056.20963418084	52720.46318032275	57331.79090888579
300	bike_tblr	1815.7517353775204	6343.866844569501	10878.29258220811	20947.046094111487	31996.93999300015	39805.05480797071	52104.23773469656	82682.55456811565	116286.4730981209	165459.7557662758	214590.40967517206	256383.75002898937
301	bike_tblr	205.71324580106986	1244.798032394419	2446.5118172203006	4625.076884115915	9893.863672874655	14845.439051253192	26403.837853940444	41749.74298551588	56311.201938927334	70640.84830628127	80858.50561544733	86554.24534948701
302	bike_tblr	296.6040119567826	9019.928315281573	20317.928709900898	39820.965969740064	60460.93257455346	90092.87280712715	134631.062661816	180594.5385734126	226660.96865881127	264652.3632912765	289242.06666705786	307821.2319304536
303	bike_tblr	1100.6283654455287	3725.8766063773255	7410.688197254163	12798.335982168632	22403.21106630548	35974.06937252086	54086.7274660791	85896.28611313626	122327.37913114054	171055.88676011944	215425.41516412343	251827.55331920614
304	bike_tblr	1899.8586171246832	6259.654912782686	14351.762557167716	24843.00784375866	37426.170492013705	47476.353053595296	80446.56249429587	113318.18553533463	161973.0600430774	208101.25723190268	248154.40134845645	285632.9444010946
305	bike_tblr	979.3242196578074	4452.682631585338	14788.776076408823	35972.56763425004	60397.790615316975	88783.99378507822	135079.47210586752	188287.68290394757	247482.02621908154	286170.9419457136	308519.9428935775	331105.5827134277
306	bike_tblr	449.2179916732859	3905.9512948693136	13413.74021121573	21695.908203658495	25359.051667044077	30133.6863723417	31828.84843112717	34729.78342346158	42006.82594254983	49923.97971522795	52735.46895381343	55229.079834993245
307	bike_tblr	177.63677112720995	4154.762259416076	11904.70732584971	21430.740575619886	27864.95737812132	31267.386920530455	32229.47270084066	33138.17564842526	38568.72282862451	46525.86193092665	53452.76671568232	56469.16091912286
308	bike_tblr	1886.6664895697672	2892.6345551052113	3518.245139055638	3720.173004905894	4504.505023388911	6834.172904167608	7606.2056079970425	8570.126526479286	10904.99686203195	13053.234495334675	15258.335799063034	17663.44480829335
309	bike_tblr	1653.8863228671103	2418.9995024062896	2628.970851414437	3001.439864678445	4817.976141028287	5632.245725350633	6178.90066466302	6348.558648195566	6545.013125965486	7984.887594928086	11811.57393511063	17767.925090142297
310	bike_tblr	292.9039668321646	1365.5030762143626	1637.4135880925448	1884.5716823257571	2837.3587920584255	5003.374833062282	8023.32787827711	11096.45580018476	12633.40918388727	13929.531985776603	14911.123402426181	18391.836064404433
311	bike_tblr	738.4187775995754	2374.6619212227233	5368.29949677456	8392.125394691871	14476.954046205623	20921.148044734346	27883.999043048596	31394.861767733386	36010.27985551609	41291.715260206656	44812.94498605588	49456.77336685968
312	bike_tblr	77.15250540331152	2810.018196690016	7613.754822067122	9814.725441610277	12575.31501856713	16898.541805087832	23321.658092372614	34075.73852715897	45938.255168668984	58514.38035709372	69299.66282996425	83653.17450344175
313	bike_tblr	168.10085915364223	1173.6809138228857	1354.5835239912305	2033.1536165852053	3474.7256744406172	4813.993726211869	6789.622508410493	8033.470956773698	8669.174409739717	9441.029456328117	12108.430099864088	13907.646511155075
314	bike_tblr	50.02553823286367	1749.5760574418398	3426.923318481492	7217.265249635882	11959.230502540768	14300.036188861612	16493.716126103947	18681.573896271362	21010.198160252487	29049.072249730656	37615.71859355451	44473.79394230325
315	bike_tblr	5.066597755770096	105.68539730470859	323.5916772545519	1291.0617368902126	2112.283584527898	4789.027506379555	9397.709366127567	17279.854189437556	29440.524819329567	35561.31210640807	39084.18659422921	42545.426672826994
316	bike_tblr	217.6707709135127	3260.4681180507614	11279.497818960792	20297.13335111135	25502.20693136082	33415.89821387753	41719.25466534257	51589.58138923194	65449.54969595768	84602.38911375377	119774.61019913913	164144.42815934357
317	bike_tblr	623.8635317698657	5078.012677395891	9538.539374367054	18259.50052904154	24016.12706685266	31501.749327431437	40458.311880744375	48535.95474754006	59916.3255440837	78588.81061547722	108494.02858467652	140389.70067823216
318	bike_tblr	133.23076391295592	822.8635989992413	2158.960606979589	3327.0873814972792	4036.62189319661	5058.839850547499	6569.167575207198	9443.986810930477	11714.05934928474	14769.24277976872	17152.43015330913	19897.038777193866
319	bike_tblr	62.480590604026844	448.0545017317853	2142.162253279264	6017.389968608109	11665.701520829803	17398.122678722266	23598.58358716397	27775.501486548033	32989.6682487049	36509.1233534253	40091.79769943981	45341.671015127635
320	bike_tblr	1957.7793889875813	10179.100542224987	24461.36968324074	41449.450895598085	62744.50733367548	86331.07758671256	122953.2308601886	161122.92401780235	198143.3983916295	230226.15800165632	252635.49257708088	274823.13810308184
321	bike_tblr	110.55157359944154	359.688226191185	1208.2563534639132	2851.607935933708	6022.050169000237	7273.727342789738	8175.141108521351	8433.715973531987	9514.299728265243	16951.99193880519	32586.257085832287	44203.2655657127
322	bike_tblr	2.73903748821328	693.6716190320141	4766.125566409543	9999.351271768839	14782.03540720254	18818.676800676938	20706.880852874507	22160.971333292782	23018.88016961776	24640.529841782638	25634.358485572793	26021.811288559802
323	bike_tblr	218.1602823472452	4162.263412330174	9512.40606033137	18736.700780826995	34608.21797403939	57601.88965944741	85511.31040758174	120833.04447762894	177303.16917720583	236961.5162506134	285544.03701092425	323753.15342965483
324	bike_tblr	530.8517870293703	2654.752114738272	6024.850018205698	8140.227452219962	8370.667266738537	9623.322082963197	20204.996771435115	31424.478721249518	33590.55022806122	36072.16219577229	38848.073986339645	49392.72030343273
325	bike_tblr	23.748700039849236	1459.7306038036647	8674.649477250172	14015.327505999925	17053.822728701485	17720.378654041655	18562.187011756963	20496.465027797673	22058.973984633667	22981.98808209511	24307.025678054026	25394.01695109479
326	bike_tblr	129.5400755573444	338.2833092978914	5441.310913609546	20934.125436648257	30568.633000628422	40045.67283275831	44775.07497888828	51789.73947469031	56891.76712742591	59249.62458485176	64358.342481563996	71446.75313530424
327	bike_tblr	69.94052907822646	738.5773348208585	3059.535538585181	11148.665766223488	21966.298745154345	28385.199906573354	31856.61473289625	35370.84450640132	37082.592237927456	48704.00331507966	55541.017087492684	62114.1261549889
328	bike_tblr	127.49254812360897	6219.6976977003505	13587.247938625815	27839.12389713195	36909.49369273407	43501.72799911314	57474.1034795377	87713.6257640034	121930.77658569548	164128.59731390307	217033.12245445765	259693.98287185794
329	bike_tblr	111.2088278064189	1049.6039213390677	4983.32700670149	10649.703636299431	14157.055300341783	18173.667528522747	26928.20988237507	41028.35217967206	54481.170628509586	64249.834868683174	83767.4762179188	107459.38406178825
330	bike_tblr	188.1362451655869	2351.5037172470634	5241.777738512373	9977.263224296237	14212.81478676256	19383.36378524861	30180.204378940834	41507.26204521531	52983.59873610792	64930.04529256271	79655.11480926396	101023.43141948174
331	bike_tblr	1406.4512365640364	3440.4227674052695	6379.280671752973	10744.01861652398	15313.330530539275	24355.670710916536	36257.127239407935	50266.21941774956	66171.5054202921	80699.73130371023	93576.3618521452	107236.81544833185
332	bike_tblr	62.36988778142307	2643.606878878338	5762.0023978963645	8808.170293266985	13212.918856404474	20986.209944133167	28423.483563733018	31795.121454086362	41741.498292166565	53236.26402203664	74325.43582885768	95015.55247916389
333	bike_tblr	2202.861131496658	12379.574172820454	26704.65597999637	46149.43741966502	77943.79590374285	135664.25751395573	187669.3471757839	239402.851930092	287632.47300580016	313005.82265812706	326926.06453310174	333834.410463012
334	bike_tblr	5508.919579408527	34520.92328034128	72979.50404699915	124803.87830873793	172286.38163158484	210072.069144251	244968.93786649744	282801.90435854916	304310.5962415272	319475.83344071143	329541.9002228339	337326.6657307297
335	bike_tblr	469.9416340631507	2005.0683568620457	2899.852737994009	4084.3008970876635	6343.693406087833	8228.244118064158	14211.826402471908	22499.747770442507	28623.38225298269	32524.467783677657	38525.25092132113	46839.84302265067
336	bike_tblr	476.60251706812414	1251.8612729508034	3890.5453122378076	7757.857669958831	13295.970512912076	23743.76046895513	35363.701564759576	45417.95482146048	57099.05637063597	63891.63713309942	72456.00846369624	78893.51288344692
337	bike_tblr	981.6106726079274	3106.0555147350315	4164.388176642303	5030.329090082223	5284.402559505021	8368.057969783924	12786.336230039158	20338.791888694283	27287.24563221955	30089.171037922933	33647.17373388541	41786.597514700545
338	bike_tblr	399.02437998463495	1517.7541702171868	5491.081571217764	10404.797089490436	20400.775105410707	29649.935442618935	41379.61990080521	52369.86115789048	61883.06144150475	74403.33478975705	83403.94055757218	94818.8913213433
339	bike_tblr	276.61730887553097	2423.563880186272	6476.959309470618	13905.27452040233	21868.117432101975	29217.079023969116	40158.60077630677	52129.74852409506	62135.6051660015	74290.41707325571	103072.52797487931	143897.96158617418
340	bike_tblr	480.1370946821754	4773.427438805549	9282.701860513433	18146.013946214935	23332.089994812275	31057.748030978168	40301.4339715289	48282.965602046235	59058.162220159546	76769.90737891014	105375.83780767758	138754.62546105316
341	bike_tblr	258.2466502076086	807.0488904643012	1859.0688783965122	4774.227026576535	9342.687290161168	16697.008983196243	27895.799025858938	41204.07288473206	56031.75433780491	65631.71955444441	72156.26097522507	80616.08676997601
342	bike_tblr	1598.5807825624547	4319.228785619312	5499.943381515629	6395.986939717857	7132.625212485494	9032.617899256009	9520.854285560736	10726.908850781796	11773.70061361858	14569.000106972746	16603.39544062815	18255.33527217118
343	bike_tblr	298.9612707645838	2673.270880063838	3024.475224422143	4696.999199092768	7463.231360401101	9121.005359565515	14619.923101018565	26045.149956313926	38684.425924745774	51969.540205878126	67639.58887757221	81136.96825706317
344	bike_tblr	76.39797898577018	880.0312422220469	4243.477306366154	9348.528400291272	13625.030370059356	17722.827467227053	23337.05057553868	35807.028890553906	51323.924767040386	61294.11535553575	80278.34657007577	105449.68462802786
345	bike_tblr	23.931864883157832	88.63721653249335	462.2011177807666	3888.0742594834414	8978.331322987799	12118.707026150945	13476.255603164074	16385.753846494365	18754.75779810784	20028.009908333504	20839.431182813398	22248.217238110094
346	bike_tblr	83.17182422762859	1524.7500799730617	2674.083934035459	2907.1672139944067	3443.6364808924404	6440.171519147029	10883.604627280352	13450.352747731638	16182.220040699822	18422.43106750861	20700.780395085552	28736.264234383874
347	bike_tblr	217.82511833650966	2114.219270445813	6156.975865181603	13072.857114177748	16458.756535986584	17135.013366714997	17319.41343820826	18107.464149119853	21373.903898960216	25771.21052998904	30176.379898021478	30742.33390335161
348	bike_tblr	0	0	581.1124448093102	4452.1322335808945	8429.580250089753	10555.307957092838	13976.671230269108	19129.168257083977	27679.25547773383	36996.30413799941	42728.453683961954	47095.861326616396
349	bike_tblr	1480.4846712889478	4686.86225710125	8167.474227896074	14153.35905776605	23349.5199534617	26843.884083225537	29935.497059823952	32278.8967442748	33553.47759250867	35477.563557936424	42567.90841211186	50861.199570978206
350	bike_tblr	0	4.348655796369325	7.465549482929605	7.465549482929605	7.465549482929605	7.465549482929605	7.465549482929605	14.409407589242635	792.9060124426641	6622.697884050085	14905.647024038215	17289.015347673325
351	bike_tblr	743.6976407186895	4409.25534307801	10763.125366414268	16873.036960704652	30244.325007513566	49013.82282881312	71224.46499512435	92021.55112066554	127272.71682290918	186104.75048870072	244830.6759990254	289679.1311368781
352	bike_tblr	1313.7524328647194	2580.1385007155486	2863.9186201496204	3280.789322871019	5379.298493924391	7976.44938072359	11101.341147744277	12928.751058073316	15024.690266157066	17982.811766559123	22112.59943568291	27628.533812876918
353	bike_tblr	168.916860443912	1189.1083541156154	3521.6289290298546	10150.170275074135	15692.40795878457	22136.65639158021	28401.846491558143	33772.93252394938	39553.10237981498	44023.38282642767	47187.55004126219	51647.178646155575
354	bike_tblr	166.34666022504328	967.8120904181786	2230.7782986440034	6597.50117688536	12571.948671773493	18566.78705725586	25844.210492885784	31585.43924882788	36981.5424174886	42326.13058924221	45496.09561957617	49126.346671041894
355	bike_tblr	64.25826185585473	1268.7918985911385	4988.917786794601	8764.16666610454	9685.648670846025	10800.693698708985	11836.724557635382	13259.611887026964	15792.821237398994	18587.064746500266	19841.345858170243	20718.68856492198
356	bike_tblr	1111.0586286724472	2452.208823737076	3488.0611415950034	6492.967611622696	7502.824016435707	8599.090390822825	9540.439708480522	11978.599350200777	13687.351717486912	16039.208001249552	21830.111578828368	26931.418341892448
357	bike_tblr	9.186940904706605	170.58743175487308	1282.06244761104	1883.2464658476733	2103.023436124628	2285.2108090666175	2595.970876157668	3128.6938407164575	4379.896589383084	7200.6444403582	11200.30773207445	18050.469649872288
358	bike_tblr	329.09169477830187	2684.61384818616	9403.432618555738	15243.753029585798	19953.150498122683	25074.501673662686	27877.626849779244	34321.55479200389	42536.74489024115	61247.97209491053	79729.41204607832	93884.40108958227
359	bike_tblr	2.9554290919667285	393.66560096691944	3017.5584554059055	11241.305159935406	18974.67585643951	26440.15411501454	29898.358549814948	32276.884199503984	33404.49647889127	36362.92860773278	39660.03615324913	51664.81940759828
360	bike_tblr	2295.4293164376427	10938.994329056117	26039.960253365207	48497.22784394839	78716.23433397876	122231.00914528496	168660.05519886536	212190.2958694971	255169.51900389305	283667.0424667296	301595.1245199588	315350.58031565405
361	bike_tblr	2363.157942002634	7638.264783155706	14638.47281404755	27992.297483069084	38351.37804058534	43973.57690765761	69795.67789892484	99587.7142048504	143582.49759962998	190630.45159255454	239001.08274337198	275240.42509242456
362	bike_tblr	2366.9874934481445	7613.406123772504	16150.899246352856	39223.822555507664	77333.02599028882	117220.71394865042	169025.9910206788	213042.60584169003	243452.312649019	275234.89408353606	306290.6876072877	325118.63892052334
363	bike_tblr	719.673574830395	3794.453028481871	5438.905747249789	5707.549931324478	5989.748937125863	8951.183517489993	13520.923680934506	16679.772050417654	20395.63307960568	24431.36047666351	30157.873151193984	36514.61391150182
364	bike_tblr	1860.9081050007458	9379.948838734324	17596.30271289618	22609.01279841012	26777.834820231004	31588.788447785213	38428.84133575617	47927.610163240905	65433.30365054746	86652.95856345232	111136.38748269368	148354.46665767775
365	bike_tblr	2255.499359200736	4063.7843142672186	4477.790445367489	5953.2718219759145	7357.409360453233	7824.367348906538	8384.709851240852	9630.560949699253	10626.725805789021	13093.751061769935	19097.13946217784	25326.528572060826
366	bike_tblr	108.2180733233242	1617.4471861183545	4070.499827406084	5407.296250064362	6813.623049379055	10286.545939789221	17149.27695757712	24528.85492939006	28946.03088726534	32492.380423218423	37188.84191147453	41383.287397364984
367	bike_tblr	152.63062529652856	3690.9989007788818	7907.175575791755	10239.975842525157	13065.516201218914	17517.57350435202	24422.294028359476	35529.91085467715	46811.22425980634	59747.22262675393	71210.05951708237	84881.13854771323
368	bike_tblr	196.272313834339	5065.121177776663	8205.46825719886	10160.246247881632	10653.76741076072	12382.416795124518	17281.953279300265	22783.408132995843	29299.13329994	38596.27283106761	45903.01525655145	53692.63200865896
369	bike_tblr	592.420482183797	2182.7811291305375	2498.1750960707195	4419.21012190064	10598.490720653004	21578.475833279757	34463.21377427105	42804.08206444389	46437.77936229609	47816.54409776333	49912.607786626206	55700.468173008616
370	bike_tblr	1033.7814801842248	5470.8607210979335	8442.655736768089	10153.623501479582	15226.45941416902	19109.74052775884	23936.020351980867	26186.570082073962	29576.518235609787	32268.393597260372	33527.12961216314	36559.73773666046
371	bike_tblr	17.801640230457682	17.801640230457682	421.65894762480593	3583.7957920271156	5453.042993049247	7095.2068158969305	7505.597817960701	7507.23659711549	7839.4347192704445	8308.31992203808	11586.987084334836	15522.339673159224
372	bike_tblr	63.6867025440306	1297.3269030229378	5160.088012771126	9337.767021348907	13966.01376140326	19312.907624759322	24809.830686643865	26079.408452206706	28459.4170668437	34283.49715677904	41019.903392636275	46814.72986612119
373	bike_tblr	3597.204734442471	10304.335586535699	15536.641134873838	16651.029836502737	17375.777799220272	17417.02739867259	17925.67389096357	18159.17748101605	18319.326658032078	19150.908548590018	23162.72937553476	34863.88881870062
374	bike_tblr	12.028958071959288	224.67722654856877	1572.5158191316953	5385.701006800189	9125.787581146193	10834.695577038487	15949.628832196237	19738.820332994586	22732.875718658353	27504.642569272935	33995.53110317771	39341.34385016167
375	bike_tblr	87.9522872357619	516.1607321258191	1627.5015393711508	5791.978484453907	8355.495156052077	11800.343295554068	21948.854841680633	38396.46093177818	47197.89817066709	56978.0926302402	66191.41687818214	73705.44918117895
376	bike_tblr	22.0830643951839	638.6445498033528	2560.9793228738326	3603.1805386414494	6899.87350995598	10033.120410724016	14769.32154418265	18174.32566678052	20789.4669155698	23253.556597134586	28401.044103213193	36313.076434288705
377	bike_tblr	337.9320440989631	3433.845572459668	7351.090547779641	13956.368034868125	20382.52303365476	32131.68808428691	44918.778609937006	52267.443371981855	64086.03584539076	73211.45029982236	85782.26603819468	100961.89582449019
378	bike_tblr	432.77417888048956	2587.7622547944893	7824.184068528735	11181.40542161021	14706.956956159022	20375.171694640398	30031.5812115278	41732.71430203766	52314.450845231375	64624.99549938768	86893.05133095206	111033.65655372594
379	bike_tblr	119.22465239806034	559.597965330371	2783.17005080847	4582.122922375679	7159.708259320408	12749.547229903452	15766.090871663497	18257.592117496613	20847.852660086377	23979.371409941366	28959.000388392957	35183.616660528656
380	bike_tblr	46.44296643931444	414.05351325643505	2491.6636851325984	8349.209803997517	13225.501694842691	20814.841826922275	35774.68586253975	49743.08658242327	65947.67813672623	76835.22306200331	83883.08735224785	90739.7582690234
381	bike_tblr	1329.5103681644327	2752.004161747001	5304.476555979053	8288.226375420994	11429.930933196547	17188.476751998922	24540.555248859408	29976.6351113766	35439.15980257721	40230.73840755117	45398.91319705985	50770.983971987545
382	bike_tblr	167.86712092702507	1916.1547381778712	3704.0320630002384	4224.381679562568	4812.339253802012	6929.093917622208	12405.748297177906	15897.444836448536	20120.060615016384	21394.704651351953	25119.492319205445	32563.5846180346
383	bike_tblr	113.02465107979343	1020.5932585641706	4152.797430735804	9463.057028667094	14989.15300489953	21501.49151771733	31772.898136553555	45970.053806820615	59474.875278346546	72603.27988570824	84759.30463340756	104953.73893272891
384	bike_tblr	52.30382358221411	424.02097911969315	2337.052630195451	10366.994306576407	16896.121285458696	22952.009644281876	30621.907015966197	44483.8801532752	62789.802053808075	78795.52326959261	87530.92554858857	93835.03634496954
385	bike_tblr	0	0	6.095753299435103	11.498290355329823	1439.030640426439	7888.377585383161	15532.650907763067	17378.9038558923	17396.222454465773	17465.868746284275	18118.06287765708	18401.63498481979
386	bike_tblr	0	0	0	0	0	1.8958425516191393	4.348655796369325	6.833601965723226	7.465549482929605	7.465549482929605	14.409407589242635	315.9530716746897
387	bike_tblr	1070.9185462998762	3988.1894274582205	7658.065223323374	11675.022696827644	16843.29191597092	21184.23398933613	24054.522703732848	26036.326904362304	27068.636363014888	29534.38313504724	36964.191447893914	47419.59005984353
388	bike_tblr	8.381015125380301	220.2398975093087	5586.556205677188	13604.831376070979	19253.80789355484	24546.15642736556	28754.333917972253	33968.377493372594	37373.13515246931	40839.88591130141	46392.117288120164	57013.784512247694
389	bike_tblr	1037.0491125764054	9514.07631433715	17345.94821767583	21337.15598611691	26413.661797852463	32837.74594524298	38050.72018597678	43860.40589158122	52785.56626517532	69375.80076933732	94803.23011040801	119591.11280256185
390	bike_tblr	711.1278150298535	3156.5650099456725	4934.944958655144	6104.354886606917	7303.453808671998	9259.825464778565	11589.221222919969	14507.38477325797	18829.082189203924	24228.31204501429	26857.53077948546	30749.338763016603
391	bike_tblr	785.2921703252363	3278.6176421710775	5101.533611548424	5920.005819063372	8287.485198891274	10447.899418359208	13611.3538145118	16536.673603341427	22314.86440191855	26233.987286223397	28819.285370168298	35134.946261395686
392	bike_tblr	178.5760237080039	1206.4076600325382	4487.247647698053	6841.2625515236305	10955.267964903027	14931.354389643022	17281.207718648708	19168.75633756456	22580.510955297155	30247.892099460027	39063.06921084456	46270.784647880166
394	bike_tblr	379.70103006652056	675.2849218235397	2138.7879032325905	6200.635126009039	9314.149042122457	15328.55450957263	21872.48110462634	27113.481116687813	35408.26609698201	43860.922005814515	58229.06331501171	75812.98462024122
395	bike_tblr	132.06567164179103	446.4519524634526	1115.845631068172	3156.7801453139996	6774.022258763214	11891.49606793127	21971.921703173193	33820.113813677766	47171.96446662271	58839.14093331349	66890.42478155316	73588.85704981524
396	bike_tblr	964.7520388248334	4266.551030087793	8519.447776926949	12365.736119142688	17444.557675153024	22535.14326211141	24767.41166681075	25888.699096504806	26999.853175767334	30015.0927168321	38468.99323365969	47877.38606737006
397	bike_tblr	90.12154780540729	2333.6023961080577	6665.9994581688925	13419.656973895919	20139.908533846334	31128.967918385195	42799.76611161231	48907.16482164823	57992.024450834615	70326.86706693588	82880.69182085113	96162.63325828571
398	bike_tblr	69.42289271420314	404.46648980829417	3201.4365417281824	9267.009395790941	21280.12438630428	28101.544173882095	31248.832492257086	34904.61661176352	37725.642866878145	48757.51769920263	55511.47503561549	61306.56689419185
399	bike_tblr	683.438562815307	946.0322382182848	1014.8836643829937	1471.7889183180937	5428.683280119058	13723.16604393034	20542.70648661487	26899.685569217847	31782.6949758726	34723.97646726886	39329.020255180374	41703.97678097242
400	bike_tblr	61.89134831956962	1750.603230792397	3273.112670443168	3511.7262166977926	3774.3388876107842	5700.879858038109	8032.812895990786	10721.601835448086	11829.35449716836	12164.433385998283	16968.94424953664	23268.036738553827
401	bike_tblr	566.5734598712332	723.4960330347635	894.7438501326694	1454.38469172058	3833.511818859277	7613.727211479307	10278.045860043032	12033.389990178091	16263.6275664553	19010.673488791657	27649.143237421387	38134.33453755675
403	bike_tblr	39.81010578635395	1851.821930858186	3727.336482731539	7132.359726978945	15971.037980922765	27195.325618372244	37826.7290075204	47195.569039790615	62968.666610492815	76086.03491384492	88932.65489452929	114069.93394210294
404	bike_tblr	1514.9900707312827	2442.924444478823	3161.762525690914	3175.7613870192004	3175.7613870192004	3175.7613870192004	3175.7613870192004	3179.564033375793	3179.564033375793	3179.564033375793	3181.2387739991627	3181.2387739991627
405	bike_tblr	9.013956949890174	1142.842569974075	3689.3733844036806	6158.408663670557	11526.157910507598	15479.87753953736	19613.287583382673	29085.763329361595	46619.404774843664	63358.989853435865	79902.73704207574	88961.82424959097
406	bike_tblr	749.8808854913678	2574.874587092289	6690.710783051191	18184.28072783628	33923.07676954702	39942.148669022696	43178.6203904747	46083.76263788572	56326.4554848408	66674.72874859808	80022.95718679305	89032.90545328654
1	transit	1.022599789605736	4.877014381196586	101.7996476045513	1485.4052594362743	3716.42365772813	5213.87648884264	9124.28402204263	11977.186635235372	17613.31119918154	24783.004060870568	37838.14785233585	53795.89177755111
2	transit	0	0	13.462045123514095	1351.4476053631004	7854.169993166699	17865.263923439376	30243.934161646164	39928.83475763352	49831.76229044218	67390.00871619799	118665.62460044728	211414.31301610306
3	transit	65.7571146152036	516.8690562485293	1123.4098846787485	2402.9493396435405	3109.4178263020044	3645.137890853682	5486.009705947017	17782.512580128474	23412.36097331398	27459.522962373972	32800.13210713082	45380.042039533175
4	transit	0	8.528926797254098	144.90895043878322	3107.344728094731	5394.732510770924	8988.774650192943	12757.84894533278	21335.545654102378	30528.989530027444	38929.427341833485	47077.49551523607	59536.509944655976
5	transit	0	1273.189334684545	8055.9566323851	11341.920290957494	16656.966887208247	21802.57301466482	32564.991225526675	42411.69908567705	64841.64892348593	116875.62030138283	207165.34550480498	276893.8340465428
6	transit	0	609.9771150780414	1676.11537908812	2684.746755614841	3598.415418811239	6253.258445931346	16997.4296223179	30421.476692033226	43790.64205529775	54764.50591538905	69648.44910821384	82341.10923858636
7	transit	0	0.9548585274506299	42.416795473176634	852.029608054538	2636.0944900830536	4902.360245454061	8009.830080494471	11555.715515377255	16034.996874562768	24286.191721077987	30476.39913538932	39080.026219978114
8	transit	43.102888123402806	102.50888557435762	704.3286678810223	2506.7848214981777	3795.6543979104645	5651.169335725432	7337.1352241310515	8350.26767306737	9306.435162509455	10109.013708286207	10444.850601952441	10736.955265685016
9	transit	62.26602350306595	1968.2652929456128	4992.168884354708	14278.668789656756	36577.53565663457	75599.50933595194	131140.81283772388	177102.79456567438	214892.02303319145	260865.86265400235	304921.1526106759	342557.77644652146
10	transit	0	11.20518522712283	182.73160564708564	1096.6953834661035	3815.417759853714	8055.360752436005	14465.447057313857	32531.35820570369	83254.20838808971	152773.79971486868	227322.4854147989	286875.9639552701
11	transit	0	277.99324108620607	1933.4228291986847	5773.164736583501	11844.79180625459	21195.514580964715	29876.4327243983	35830.9545820934	43437.083575160126	57160.096809418006	74195.11216387695	93170.3771640995
12	transit	6.694552526940067	1640.5091692300878	8787.617266992744	24527.914108358742	63712.94454922385	114506.90207201932	163172.43221754013	203863.6362966446	247106.29023732507	298978.08062474115	340393.7172999635	360970.0641650549
13	transit	0	2108.9177460365877	8521.89796669377	19966.641386651016	33397.686968616625	60416.503970701786	111374.23644973154	167908.8759308133	204142.89810629893	247375.64592156743	278901.1731904201	320841.21629339224
15	transit	53.67858989000432	121.0458870268362	282.53550772621287	950.4367657247777	3271.372322937924	12172.76772656268	20158.3255353854	28690.31430847257	32191.64619858089	35919.630548589535	56575.41682717034	105222.19062176665
16	transit	121.07661377492705	274.74871341409073	689.8071338897389	1556.2103686569935	2275.5894438181945	3171.84188931468	4027.4628137570207	5525.630001102001	7334.543531912808	8828.444901833684	9665.337048688949	11035.869886912224
17	transit	403.5067523085188	2633.8145941652706	5224.2530719577	10609.767504785457	20290.279581458177	46273.422667334555	102563.15498310245	167969.76636264555	224556.72728056464	287601.8281352867	351814.9292443224	405768.6300130803
18	transit	0	0	1764.745166124472	10087.983957831928	19861.133933859073	30021.554094760828	53248.98619501182	83383.2204911783	134447.57066522137	183762.1081341091	219375.86930328017	263236.29204023
19	transit	0	95.89958419938192	688.7772543055388	3694.0960510028212	10003.484619712857	13869.949008034457	17358.27704156142	19881.238597323925	25306.607010579413	31195.453325888888	40872.5528431573	48005.41550716227
20	transit	0	2633.262119115613	7754.774338490307	13498.992418740123	23575.577171438945	30441.90443212021	37663.46531302195	44932.360346114976	51135.112872398924	75699.67748636621	121440.83581411775	207273.17153936368
21	transit	10.075253803026776	942.5280557686489	14206.996012602996	34054.61570432783	70647.3740667084	131238.21233745536	179978.97303219305	225245.58443669282	270587.37467830506	315213.9932231192	359807.714142956	411660.28913203895
22	transit	60.5470228542083	2594.630929374921	8607.389598963624	18872.10592350533	32168.843468839605	56524.07106456201	105999.39413365391	164330.13012537884	201911.82534285664	243593.4926522629	273653.14324652066	312218.0314698128
23	transit	13.904805248537427	431.0967127226841	1505.013718085686	4516.926019195597	13408.81367698672	28911.703267747715	49283.664334456575	83473.16489719228	147528.8037546364	209462.60755818622	251885.3715676794	290514.1383594211
24	transit	0	50.114588982483824	1989.2823033834331	5096.764390584464	10140.706411255045	20146.537320125684	35133.91008946516	53246.6430429667	93131.91487286711	149538.162232077	190423.16609204464	236481.98071174943
25	transit	0	3.892641765642307	32.57680575888816	608.2512057500559	4545.597793244619	11154.232238844701	16471.423749014164	24216.68614160917	27790.8113829244	32781.95678722066	39767.72699377475	46947.03892248808
26	transit	14.176415923312474	222.72108374384237	615.9645155255301	1328.782899229431	2744.4923773347723	5651.916188069718	10496.948692402157	20196.109864239632	29978.032381029738	43687.32183011263	57750.17666282728	72429.1122598907
27	transit	0	7.911118675123957	1023.548774271081	2965.1298978385717	9870.731586213506	19838.918076913687	29248.090649751957	40675.939205974806	47129.36886339804	61324.17445272975	101614.27012352865	203301.33959868609
28	transit	0	582.4787233494918	1590.6904532264316	7921.144767718058	12439.839043055747	16356.922599479987	21272.613290015437	27977.675787270004	39210.90387316796	49260.364488609135	63353.40290455955	88781.25021882443
29	transit	69.03039859294337	433.2788503203033	2377.342568375555	4484.133548433197	13302.802269519447	24202.658518662458	43409.27861907207	76218.03939247999	140468.04580015634	205715.28050394368	268843.60904528946	335883.95257593656
30	transit	126.98267185113919	596.806622218936	1021.6012563274637	1782.748607236253	2932.651868043043	3945.071774433898	6630.868377911104	9779.47941958184	11913.772276612484	14145.133432426526	16066.856349205827	19945.549293915825
31	transit	0	0	621.4134774818264	3465.8345410711972	10782.263215818035	16472.742424889904	26691.259028293065	43601.907236927414	74944.31295489559	130594.8552469938	184771.18639194724	227677.94938227182
32	transit	118.7026616670214	1859.3035687401193	4320.838269936933	7678.092902599239	12127.939514481031	16591.62814810133	25115.158796272644	37722.09505985976	50508.318311244606	61169.38965590378	85586.63596132143	128221.25756908709
33	transit	10.001867759789299	62.97317782440853	748.4448612523354	3042.1368037361885	8318.50535661232	14375.834693839628	20130.351490567256	29898.469493973927	44904.07527959348	59825.69248852955	88772.58517264755	146022.36586787907
34	transit	145.54205493661428	5655.273384651546	24545.333314933832	52339.17675605722	85528.67673383662	125557.11574305654	170773.76542627712	209166.85712695488	248072.27093386138	288054.19693082775	327780.07518373715	365865.57059869316
35	transit	19.49541390790409	51.083888826543976	146.88062694048554	231.22190176934876	619.7535429397946	2800.5619977757415	6944.999251040938	16048.96003355778	26393.21715421647	35886.12780104385	48083.9534327213	64183.09482334635
36	transit	0	765.681089015616	4502.673899588887	16608.14225034555	42525.30546801208	84878.11441750755	149287.5699899474	210114.6890418116	257436.96668155247	302202.049138421	347192.73864597117	368619.55621734273
37	transit	0	2520.3128013226424	11024.476411322365	34450.434703734514	81281.32218062112	131658.88999624524	171828.49253329952	211893.41616037814	256599.1426123115	307317.26601750986	344881.569964214	363866.9295242849
38	transit	0	804.4732036581702	6079.971594959038	17201.781643021164	38518.95588944719	74478.04286264081	120075.6428740081	158935.86431233623	198597.11785240597	240305.80820175135	293113.54400339664	333337.60004506324
39	transit	257.1624970691043	5974.34855509034	20507.906940958266	42978.817122875924	77800.64191679613	120352.45927849581	176412.45980643187	218581.72069904624	253595.63274811057	289854.05109144986	326367.679277531	359008.84335267404
40	transit	213.4312167521575	3030.661092616356	9763.69496124464	18192.204393779284	31553.97658187346	66794.35242365628	120676.66829586033	169419.0055987562	209757.90009705597	250436.192737065	285020.7180042237	316675.55746173183
41	transit	0	516.1299448195091	3592.854606166558	8528.439719163034	15624.27384757171	30802.288419383374	60766.21498349543	117875.44179773307	180212.10983923214	228643.69212804307	290606.5422116505	351205.530102038
42	transit	67.32498836071105	986.458866044233	3060.575709604819	8775.912716275801	17436.30983902752	29843.198525900934	39287.65100381527	49403.566282932145	65458.986360634764	97058.48598800266	146208.57092119657	211500.67343649286
43	transit	0	2053.2794250352285	6270.427316848861	14225.255619495307	28475.293498344978	56749.642656592754	101695.82157445684	164702.98343754042	201395.35344541894	239795.22335529028	277546.7636000277	317684.41354274174
44	transit	0	4830.449123311622	21416.475183908373	51355.29718467994	94037.40524555942	144480.76303601678	184738.55493180873	226441.94929646785	271873.5804197475	316445.00800234487	350585.1902960245	382481.8343284312
45	transit	0	1294.4934386222526	15085.930594367519	50190.77929511853	99537.0040214497	146678.30986164062	195540.22138160953	240258.36056917516	292092.87913593254	335376.015957119	360781.1492087087	383281.9467090915
46	transit	148.93230621630576	3599.396358635822	11754.927537040005	21526.815925557825	31853.43537346561	47627.00442739061	82948.68595998781	131797.7183986477	169763.86078543158	208307.106883434	246186.6858150649	280210.1124206351
47	transit	0	8.289403128935774	234.83458864116437	2873.7870847457984	10094.678510358868	22276.214258427317	35663.57166164778	63148.68013855154	109059.99657648556	151252.32575533923	188586.29145074676	229497.60838519654
48	transit	0	721.176174548316	2839.753988751992	7475.930982692028	14506.796433694897	21290.1167829524	28348.367861563824	37792.584499589626	59119.875043711036	101753.68347209225	173177.42296074246	254485.4671253414
49	transit	0	0	34.917179539114684	1429.9592236060137	8234.43902365549	19305.646745483806	36296.208475090156	69414.50676758662	131650.56822305697	183371.82314576439	238689.8202001461	315071.15642777726
50	transit	78.82091362114585	1007.9717791692341	1952.5334212846392	3796.7661217520167	4985.8039999087005	6849.298037329627	8729.36032274256	10723.831352643054	14628.41778214306	21880.65930063983	32051.69436269856	41134.063008826284
51	transit	5.8708112928155565	279.13339546441244	1464.8940860938178	2288.98088184897	3659.0632660091023	7336.815720060385	12768.167649908732	18761.72389358846	26514.489522856566	33747.32904955048	41918.01284177896	48559.79667153637
52	transit	0	967.3580651410372	4387.481756108215	13298.456419663706	23118.951612280427	44572.74008223717	80881.21424556142	124945.0872037961	179285.4036399311	210341.3371828505	243749.50032270481	288493.39585627615
53	transit	367.37908867169386	2366.490893260697	6284.3034720865835	19943.024227736434	50618.19925645339	100575.01984901304	152976.89780048255	193754.6639310532	244550.5812216716	289763.36264986533	331867.2504628095	368532.6702525842
54	transit	17.763006704862374	410.0007547597588	2662.8084051093365	5459.928060916084	13453.41475849119	39660.882390778424	93391.6183143796	158985.16146537775	218535.61486891974	285144.834945868	348467.8698640224	401395.98295188235
55	transit	0	0	1695.5935900223708	7152.005177863748	16462.336506612995	40420.33886967529	81144.57468455404	150118.14823764106	208166.93036710282	252260.42457607551	293862.7135371976	336260.2297710491
56	transit	17.047953978907	60.701860019175456	997.0668594919191	2051.182750181433	2697.6950797264444	5631.571663711396	12631.949734172875	18496.429466218342	21543.43376989374	29562.622318662194	44128.46637632741	71649.15206464453
57	transit	0	1596.4308550661237	7194.233076575803	11273.935479460992	15586.064737942415	21566.698560269444	28113.418480789158	41735.1432073076	50685.790675434786	60300.491666057824	67297.12109733078	76308.92776435765
58	transit	0	277.7633016456286	1681.395512650925	3799.6088756645495	9022.656384035245	15369.195863753175	19953.579106806075	25274.315573239815	33344.15886291128	42290.290660127706	58731.70316558193	90847.10096391826
59	transit	0	393.4357598126356	1795.8644543458383	3932.8360414937447	8519.783626398088	14878.090102984535	19751.8309406933	25129.741893786995	33601.45365869517	42320.021854864484	58762.462064750056	90878.00743348994
60	transit	0	485.4217687917983	1851.029084364134	4975.92847872946	8214.861058825665	12462.527195092418	15034.401499762667	17731.482903558415	19843.94533355159	24507.554463515316	31400.90787610087	33802.36555654678
61	transit	62.30422351748501	1841.3552950418946	8173.093635033345	16100.532527341327	25242.45591510434	45003.04167164226	76713.13113496815	125951.87188678683	183039.6924317473	221874.0791735789	264113.45151378884	321420.1647317468
62	transit	20.591253242062947	217.34859768275982	1354.165290134437	1478.166873119845	1749.1688850194878	2306.2476358325907	2686.6196666977953	3181.0019510842117	4678.9036973298025	7563.709208283633	12835.41672567345	18014.576349170195
63	transit	0	39.83992386190164	378.22569540853146	1707.8479794535592	3889.113221860695	6392.733341101132	9005.706608874907	12669.154673433948	17545.121179675523	26652.84217233973	33408.584386013405	43398.26336568032
64	transit	40.66579490124555	252.11615825895214	885.5550633523769	1934.930702305478	4466.6167417037395	8806.047433604186	15907.682136868421	22656.230642980197	30573.743213275426	43938.19481267349	52745.269154792084	62157.12586665087
65	transit	101.94682922234686	536.8567336783672	1587.3389926797418	3957.323108260053	8664.38891330346	13455.280118840235	21472.49216897426	35836.39903292437	56849.77943353373	94359.28485942897	162310.52736868916	235874.50742271618
66	transit	4.312179037391752	474.83683756101266	1350.4227591848692	3449.4419416202063	6701.178484281632	11714.165402197048	18399.81935703909	30210.44625590039	46153.0161405801	71155.78482753395	120242.64278289033	196075.73436577778
67	transit	0	0	0	2.7719298468368203	273.35247597509067	3720.831782587609	11439.90970731536	18397.355272257137	23070.61576538347	32203.889576116508	41543.57118383936	55118.1857821505
68	transit	20.49772135924131	210.69146748770322	1835.5119438871195	3627.999207860236	8799.662766777075	13336.031955563765	18535.031512279482	23369.376832709462	31589.9238735345	39876.31222073893	71345.6509942103	135178.4412141891
69	transit	3.6222579701667152	45.756774599191296	610.9818666963756	4635.380866713748	10805.900586226038	14187.076097729923	17625.593670083843	24625.50101769582	33887.933874432914	45195.02465112113	55571.7314532295	64133.640407250285
70	transit	31.068567302045572	570.3853997008093	2344.8154792956557	5784.1643506882565	13504.701109981595	20230.576912881916	29092.356191973	41790.703690601025	63450.792901461085	109470.49245865461	173199.59868919276	235117.2006037813
71	transit	10.861091702512653	17.195415036835954	32.16533880675965	32.16533880675965	89.15792324080607	234.13696983361646	742.2415399798176	1688.4134072113893	4602.996452794096	9853.737719914066	18997.174766503816	28593.77543831876
72	transit	5.866472441368072	221.0583491857834	1509.825668604004	2492.7674078297073	4365.360792138666	5199.166594651669	5943.384399500367	6688.634361897648	7994.334503051074	9565.439820669462	11353.555458137515	14270.925726359435
73	transit	0	19.32581956088589	141.88864887029095	1401.7331681053797	3589.581315704273	8675.03059725465	15074.744879913691	21661.223080876764	34277.04266969369	51547.01844497911	68099.741814164	104405.72166231483
74	transit	0	17.781801980983175	1176.4068822053923	5268.650249391625	12264.45857248494	17280.725564341752	23460.02806269383	32684.16202682006	46849.11684070088	79443.09050423012	146942.7546342495	218007.74216502195
75	transit	0	0	15.69887884068336	287.525479002372	818.1337139532285	4323.981745905867	14262.3520262842	31440.65619652502	65091.58263225798	126093.18466161005	175751.875173119	227474.39915330254
76	transit	49.40484838941231	1157.6693816121654	2047.1142752684923	3037.4672171905722	3369.448419692346	3421.3555276013817	4128.365556682038	6667.229939309902	10527.789361437633	14125.253321491284	17155.476859454255	19304.043311161888
77	transit	0	15.114018648579469	303.54826278578406	5112.21939722074	10709.1552935881	16955.4235515218	23329.973332928726	30656.455874461146	43874.397008088876	60567.35036784178	100290.73347615884	165221.4934872384
78	transit	0	232.15145469081708	869.9431786215714	1822.8066276008383	2277.894937930126	2927.225403388463	5653.353514502548	12341.266905653547	16838.09387537926	21133.32132189454	26137.2455293819	32583.909880443156
79	transit	0	254.7611564687902	879.9333362268329	1163.490757549005	1906.4747417912706	2244.3151275652317	2932.4018275734315	7791.601608094289	16170.42250333524	22237.354527187432	26201.857589767547	32736.86222272105
80	transit	0	233.53789046251913	1015.4948393280508	2091.0362134317384	4098.1637777894075	5800.445549992104	6955.5087315744795	9434.240645337006	16268.186465689525	21252.40046951998	30719.329505074656	40325.66002226685
81	transit	0	0	0	0	0	1.4503171631727863	16.898392401210188	16.898392401210188	16.898392401210188	19.72211596890266	31.14885725450643	37.08197292203147
82	transit	0.38413848805485107	25.45191867997713	84.63047156909727	903.5618115711608	2131.138359605244	4313.999686349238	6820.773225747716	9723.145652400337	12778.116952335682	17500.20500773035	25986.22904105527	32421.035026943762
83	transit	0	221.8975374945538	966.2988703559087	3508.1103000620064	7928.572513854027	11110.579450010304	15813.665709809919	20834.87890373513	26513.213312063577	38602.31573298911	58637.638029260204	71295.82506398913
84	transit	619.8308724683235	2265.930272500367	4959.777727856194	8102.586356199016	14132.335245867971	22445.80444340399	34116.89030231629	47908.872510252506	58143.61537196874	77616.63867735113	117928.37738656685	184442.87775858736
85	transit	0	7.79695622123953	26.211044318209485	147.72848598373056	1215.871043007011	4236.455362386845	5411.699603960601	5737.858969819377	6245.422670245852	9618.269039148763	15854.005418973284	22229.63872886317
86	transit	120.57292168073256	1343.358108974859	2318.6236967285613	5552.104641456347	11445.801061952689	15854.174078343129	21291.89895036711	27074.945567769653	34666.894682367645	44621.32455442059	83645.0864966443	146266.15176145002
87	transit	0	690.5130106425128	5021.1435952915635	14587.570492007124	25050.952116611763	43529.94970301366	75249.6194665815	120314.57773620143	176191.61828348294	211629.0376152322	246014.55194696083	296495.90634297853
88	transit	753.4952844159361	6885.0082488298895	25191.92585899803	55351.88774324153	91143.62045326525	133361.0539887477	174875.4353588546	215137.66263777064	258641.05404241994	300305.0072887225	337359.3136498781	376520.8546267565
89	transit	44.32995002651953	1930.6675280819472	7505.387106656755	13182.314825565814	19642.28244259965	26904.996749711918	32628.88288625492	39791.112197074515	50922.22346073144	61734.89355084615	80785.00992009607	121360.655187579
90	transit	520.0549963010675	1867.8183550306976	5349.195769118837	17535.143618852686	39128.98146970875	79700.42413389198	134552.34053841326	179741.01038245801	218650.1505310127	259536.53124182046	307002.32622973085	344306.0943915012
91	transit	355.11688404317596	716.154770321306	3623.6820178027383	15189.089733306186	32472.476157130066	67056.20981117988	105126.28585272873	156096.80606943613	197985.37954118426	232486.1310834581	272787.0864567947	316743.60127662466
92	transit	0	1164.4678814449526	5279.098922274091	13042.322755273954	19338.007699435333	27302.261264546738	34319.25774211365	45899.00116019851	54316.88105046605	64842.22450171986	80298.98596663485	123175.88904926681
93	transit	0	107.79476265429054	545.9966567710408	1506.5596842553214	6786.108647699003	14781.035264226288	28882.818320905426	40717.8994569341	53624.13127937718	62794.32225813041	70976.58039951648	81391.60313727337
94	transit	23.11085598742352	23.11085598742352	23.11085598742352	23.11085598742352	148.2013725404657	847.7842677416809	3095.7459423264763	6335.735131695927	10709.279202711377	16783.148645335183	24939.234728924792	37242.891028563005
95	transit	0	938.0401904893388	3621.57211354444	4887.354040939871	5157.744063254508	6979.8943886936	8718.800413167264	11554.574485944484	17496.356286746373	22965.181049948842	30437.260643925405	39328.32605782823
96	transit	0	0	881.984550416531	3112.688147609434	5212.368137427792	9569.399997618437	17004.137463365973	22701.64055341831	30116.26780130614	41837.13474036353	59819.97423782088	109258.55298714724
97	transit	16.69756580847546	172.36089950775298	446.9863702114106	1677.7437245105862	2390.0497468467943	3151.4053952067993	3890.0627593404665	6121.904010536335	9745.277878085964	16586.222182254372	21927.24734716294	25093.89689023723
98	transit	107.52790061034129	329.1963802108042	1171.1407266290248	2204.4104264368098	2340.5537669302744	2486.50546303179	3507.2816389116324	7569.378046556541	13919.315530437148	19152.09048233966	22545.256797047594	27570.184717687043
99	transit	7.110102128706779	336.1409376153562	709.6264050407701	1907.1265700683296	5530.169374651135	14758.406308112166	21960.440070884142	27430.929948082874	34770.02021584522	42312.42179031848	51460.04243364482	64176.574489726016
100	transit	15.283928207310495	246.89174975724933	1070.486331640027	3243.355377243261	4912.263076669243	10434.30021258115	19975.425261280205	31101.78354527881	44499.257493690166	76340.94215960645	140271.01023773078	218795.66169731494
101	transit	23.90689590516338	104.24991838931685	764.7421836186627	2911.8856275885832	5320.946609297966	7168.568352061798	8161.753762255153	8270.792324655646	8753.812138931822	27376.229932036953	33179.56080680957	40129.235836270505
102	transit	0	0	0	0	1.820865727543806	1.820865727543806	4005.9685335091913	6895.873063287438	11314.906347057899	15598.490980385233	18076.15878836855	19118.21890790579
103	transit	0	0	0	2.756340622353264	472.4473839814354	747.2969492703996	2095.1496177803874	7399.066441392273	16340.758313378623	23308.391750667266	27933.373829947195	30236.22608071546
104	transit	3.7316611502628803	3.7316611502628803	4.728184298344445	7.791962913190957	7.791962913190957	7.791962913190957	17.863207494866344	437.5796751086666	1844.2993143468268	6413.485164021832	11349.751976733776	14480.371851672357
105	transit	0	169.0536431611052	1993.18621156555	4616.610763845471	6917.575599960053	11618.857857469025	17665.380438845656	26222.897757080013	37004.03786246193	46786.452709862715	60175.23372985573	70783.86828652966
106	transit	44.79756696421812	1296.0760033637941	3677.7933346656196	8628.601024507972	13827.005801764699	17243.871630379097	23927.002295382503	33620.11510709156	46065.6812076462	57276.36602836872	65445.72291134594	71702.45899197856
107	transit	54.232895672015864	92.69888901357874	722.3612238568762	1863.6872007122056	5838.176620986378	8766.883358359402	12215.57168622355	16504.15734559015	26707.31750656479	45896.01494108151	90339.322754353	165786.8009856968
108	transit	0	106.22774834142953	397.3247600930285	1203.0267010901302	4835.844554399857	10950.786564532698	15246.97990038937	18459.781001336647	23033.096422149614	31775.854740752573	45272.41255537619	58965.00035924984
109	transit	24.973373732839562	38.411323083828975	1143.9286534250052	4152.109155139116	10096.999225460624	19650.490867626453	32706.571131024055	44840.233595315185	58246.78557331156	71970.27020433499	85197.15681197756	99500.36171506911
110	transit	0	345.5925355677006	2286.1287111611027	4684.494388883466	8116.7601722083	14813.650587560796	24473.08088719458	35470.301807796495	44188.82649472931	53625.00369176326	61454.66431162473	68462.2317793938
111	transit	29.01377100684097	1136.7334015978224	1962.7854536789985	4065.5532430672038	5036.319809134981	5809.117098392887	6634.710596789883	8228.616305006813	10087.193769896849	11656.45637364253	15559.00642364007	22032.68659994636
112	transit	0	104.49292292526484	431.2102294624249	1812.3543848867437	4743.998183497633	9123.667418948915	14712.426902261395	18098.823477698854	24542.631441911293	36776.876309740284	52270.35342370585	74306.16921700805
113	transit	0	3.7506519932704716	62.90623442844236	320.58991766980256	902.3199640567678	1585.975116276606	5298.805450510798	8759.86633133511	16042.526129165948	22107.24408493961	29311.243079878626	43354.10459820189
114	transit	0	130.5675689623131	627.1389330058233	2825.513971225591	9214.346289835012	15296.640209746954	26441.619114367648	40679.30486636965	55322.63562851604	79243.84395159764	128118.36943934642	206963.84794057393
115	transit	17.76783376351326	36.59627052706393	134.62186552115833	1584.9506819847752	4953.421347847465	11865.582869046812	22104.157501318474	35135.233080548904	46639.52563851932	60883.342566030165	74836.40390330425	88737.01206297358
116	transit	80.2179104477612	465.32736318407956	1078.207785553813	2563.3640710444915	4955.931751409079	8667.604843692725	15974.983882808663	24297.159897079157	30985.468772748005	38927.17387261986	44461.66756038491	52649.206945671795
117	transit	0	583.170646803776	1471.4132228920287	1900.748286668517	2155.5813829852705	4627.0926390455825	8736.633099181583	15846.960076413818	24560.461282108674	36558.405177144334	48171.73367884718	58784.49243819197
118	transit	0	10.821184688022031	199.4484819759489	1612.4815818689744	5244.354154153987	9328.371562973542	14740.694755777758	20017.551361572376	29275.410395100243	42052.7541695463	58424.475171075974	103746.7944221706
119	transit	0	286.93612253763564	3826.125567788801	7762.635326561351	16066.117878556754	26782.977058928027	36685.054484524895	45714.846017742086	54167.38471148882	70630.83114049071	117883.94352057079	178532.46031070445
120	transit	0	18.83741368965871	94.52906687865759	304.20881178723783	1596.574384365912	4476.9966592338615	8709.005682666655	15455.712210881675	22998.377011730732	41737.55056296746	84616.11803193935	150794.65362568744
121	transit	0	47.29807666410274	1325.3151797852436	6401.0967665611215	13121.957926359964	21898.969401066486	31831.565164618893	44554.710133194385	77514.75664717454	139238.0408694382	202043.36793977197	256758.06200990285
122	transit	5.4801942323976665	1243.2832915128715	2162.102164061332	4069.6464683693353	6633.753725946581	12192.71644009615	22534.554636515226	54787.00335647561	114346.82247522392	187557.51923384768	247236.23116859555	308544.90443172865
123	transit	41.41717200932379	612.1978106733816	3161.955086794394	4423.9331252525235	5774.35441771477	6674.164784348763	8221.834026191837	11426.138195631616	17167.20788412447	24060.80366518409	35091.98984506601	42120.63679266205
124	transit	0	0	1.0580545066841978	217.5465871193379	807.3979094521956	1988.3306021210224	4267.108546079614	7538.178230193033	11228.361198441258	14199.148867282107	19539.599340190474	26334.908163056036
125	transit	0	5.796788419352658	19.87190074045429	36.104870002770106	653.0557863771901	1692.6524100103343	4886.555319345304	12673.348835207611	22068.465697862714	33023.24495706943	43926.848561540886	55933.59933346766
126	transit	0	0	0	8.706188512878771	19.581461706680482	112.77250354853484	2206.46009751028	5599.146337494073	12070.132477949332	23002.013839896917	39332.166628893865	52913.844907265506
127	transit	0.9139475704993322	109.98202812225698	379.31062615476003	1219.8617833486192	2559.2453962134778	4957.170883673263	7352.414874131353	14201.10823724496	19964.22880953582	26572.53783107951	32694.957314958934	36882.690677094026
128	transit	20.56830002602796	38.55698016324077	859.6607800578066	3101.0660186595505	10160.05362201288	20005.297142460786	32653.593294166265	43193.878791485076	54473.485741732104	66291.63836732079	84029.36325432672	150616.9586036578
129	transit	5.426199266422521	613.2331430997506	2456.162221455223	5813.03497540441	10805.379969302188	17273.83026538335	21531.37423276444	26677.604476424356	33085.19169312624	34837.36816012218	41126.88576558961	53742.10038148492
130	transit	442.4325670015398	5409.303491807226	13393.154255408554	29871.293925282276	59753.599662381974	117773.92927139101	158723.67212581716	198453.74358574854	238377.30652095462	279233.93828470504	322989.52837751305	346433.03421288735
131	transit	144.27252383834323	710.6891454272131	2478.472349382987	6232.922703944041	14083.303243879256	23911.56831649778	36605.36208445956	47220.43263000765	60960.98340032633	82956.78831514581	114676.37381257166	163123.40594035963
132	transit	1.4229505371099427	5227.29952310762	12866.653006674269	26274.01766744671	55283.79621753956	94600.49255810356	143540.30733103037	185276.22541711538	222213.85236148842	262616.37169633765	309535.64760295296	348238.40608338243
133	transit	0	0	0	0	0	1497.1678005114013	8794.616581583497	15760.8132737265	23861.543288713474	31326.60525775711	41332.02191354402	55988.60087227592
134	transit	0	0	0	983.8222713556517	8867.94234731242	26442.422431013132	58408.461896982524	106863.97074792816	168195.88669352862	204817.05986655242	253751.09710828916	299108.39070131717
135	transit	0	0	575.5024627873954	4379.110693853514	4901.403077748089	5611.770920137012	8194.18357775279	11322.697729686262	18127.83851309518	24147.953324269343	31460.361990984773	42279.3249254427
136	transit	0	41.817586714029765	56.867143738513235	246.61959741130843	868.924748114409	2887.698504847344	4181.806623143473	6810.593353801256	10007.329162871418	12199.506663346368	14474.937144703848	16455.576004356575
137	transit	0	74.92366882004568	2945.6227057684296	10380.728036280823	14495.4273627146	20033.84633815656	24754.490640992117	37148.350043877865	54922.39174143073	83162.57281085107	143890.20342412492	242560.89958518726
138	transit	0	51.949950045999906	4535.036711688936	8684.712121012155	16965.335988509083	27722.449634577908	36593.57402303225	48068.05868914443	68629.78225934993	97687.57394614509	145567.10192326436	228438.44401263804
139	transit	550.2712077065429	6851.000685993322	14680.52339134165	23853.712503873165	49331.485240833696	99526.68248440837	151684.95550940034	190250.96621806634	228325.1253648625	268605.15170133894	312623.66896371276	347174.6326075531
140	transit	374.45564134282455	2918.137301486326	6596.130189789361	11920.648749593485	19274.342525334414	26796.469714652576	35274.11296464187	53578.690823926845	84679.33761324327	131981.80082344438	172287.856877801	210453.7211143315
141	transit	22.713360421566463	46.97291908052533	199.65619175174797	1768.665390916222	2855.5774011768003	3673.3622242981182	3956.0353952756386	4048.7771959878746	4123.0862880517125	4253.355726287377	4537.47171563452	4894.293037064199
142	transit	0	0	119.02480124444257	240.34498228444508	489.6350497807718	2302.167420792298	3349.312126550181	3464.8889323935678	4173.189496895762	7675.584661568781	11358.098585375263	16826.615925986527
144	transit	0	591.8439494039396	3695.3326460765243	8664.363360263114	15588.704818130127	22975.177616303597	29513.797586677603	35223.44754719353	47905.28638884547	64003.09808183036	84020.26708193742	107911.45852874858
145	transit	0	485.7316629285815	4477.062420128581	9494.30526771832	17033.99639744657	26086.857873175333	33536.3138360884	42378.86367119812	56430.471822492706	73780.93710110198	91434.16234307543	114471.96748792662
146	transit	13.54309768555773	451.95856307522183	2125.4622152074835	6013.907752177512	9850.395718422911	14208.934064911795	22158.073821120855	31265.911612899017	39114.956702939766	47163.59384324943	57780.36560414652	72334.41922800592
147	transit	984.252021517866	7698.114655746766	19758.269857998657	38644.605286875085	70284.91322989317	116902.80697638271	159500.78834440836	196670.6943251687	241818.90066375685	283211.8789437351	318757.5666571838	349425.37142336386
148	transit	15.790910006579526	15.790910006579526	40.22897624788481	45.74490804269788	62.2823351342897	123.54857756953488	713.0067625295212	1748.9858472553342	3435.295364248178	4531.95489970637	5514.27719028381	5824.777057274586
149	transit	550.4813077858478	2499.437480476123	8845.029701118	21939.69761314988	36395.285706204675	52772.70585807079	85779.92255587314	136833.04760496662	196928.04163012124	233437.93438495346	286609.65934526536	340793.132126776
150	transit	0	4009.167913309066	11437.380367177973	24935.45096218847	50869.05875114335	91547.13675557738	143070.52355370478	184351.02213031016	229046.86551839646	270019.6514694633	309522.0982114405	340931.67325322336
151	transit	0	649.0277949834149	4902.885900653762	17289.95682630396	33906.36144836746	72579.55944603521	117636.2752188868	170192.41548494043	207315.59013687837	244122.22502900532	283290.89953030203	328930.79502944765
152	transit	111.96017461843923	504.12808053491653	2085.981868120925	6987.7457089590835	13767.821143959474	22076.465412904778	29520.503148423602	39972.95167213928	57316.15014710094	92180.63587250923	158289.54591990323	236785.95065195896
153	transit	91.61229341762065	789.468663132058	4712.552761474095	11092.72339271653	16476.771388713216	22154.113386785353	25931.054481390158	30748.440451350652	39552.44914049021	51367.364142561615	65011.78032896944	75419.83094332601
154	transit	500.65893897979026	2587.3442766244857	5853.197209360294	10654.585671702618	17961.95237995683	25119.00203147205	33804.78761002719	48972.90553541731	81708.79944197761	126732.69253679225	165629.89297132858	205790.38823854536
156	transit	10.192563736332067	105.26763221455928	342.4965092093731	810.7122495699688	3076.026090243505	6954.463418185293	12667.91232961483	18653.517263697297	22791.95696289928	27885.64309112997	37772.97484175612	72109.67616773672
157	transit	0	554.6441804346559	1205.8132056543477	4061.8428394433076	8156.016481755981	16697.437087708742	26069.39949843073	45085.76258982028	91766.15370762626	160495.79348927067	220779.53464463295	285174.7574629076
158	transit	0	0	418.3308086948207	2997.419235542093	10348.314728368403	15872.251989017432	19578.420042863676	21624.598818886876	28388.968188778053	38634.05925725997	45695.323089004254	54193.086874194356
159	transit	296.77216850751904	1352.1104999167778	3771.4341400184735	10449.264255427883	16820.069388915686	29780.128528651458	39344.393040775474	49895.70161537988	74830.56927568797	129219.64312991673	203501.8737731424	279107.5120246365
160	transit	0	18.824298888325995	550.6239268951415	1504.8517348425619	2814.077500236401	4276.519379381371	6314.8471572417575	15558.508644092977	25613.978148422764	36227.3088430722	44226.76927405158	54922.26709704689
161	transit	10.361079863725754	87.68342326566263	1241.9764255643292	4084.9116659747738	5807.659436377622	8971.974517495106	16184.267634966372	22286.118705676778	28823.907239648688	35729.136116466994	45589.17462450545	58879.3069875022
162	transit	0	1636.8133178350438	8482.848001953887	16177.897106543525	27330.66555204295	46958.795516119244	80653.50894139805	135482.73860547924	189918.96591677048	219462.2772963596	258396.40319847382	310831.13402362436
163	transit	244.0570355728578	1052.3231709495633	2777.2461423907966	7747.968657580303	12166.294644732629	16540.414435918025	21785.549311383144	27429.573756893944	32467.091570923378	38992.365442449416	51981.69485445438	72861.90158607208
164	transit	83.99228170390568	2650.4316004375614	10913.553119453023	22987.801039278896	35723.967877161755	63407.35865141262	120239.6710416379	172444.97758116733	222159.9339523596	255834.1833000297	285620.2720638119	328817.6453325503
165	transit	0	1475.5958770476893	5064.048871217639	10747.67954178725	23019.4973969543	41082.08326149047	72379.20869215118	124935.94563658511	176899.99487676763	219735.8574959126	257143.69221505988	294192.0993992586
166	transit	0	2490.650490126243	9287.951505849973	30979.791493698132	61053.15394525362	114267.1396815181	159001.00871685965	216457.72680459495	258405.93750927685	297972.7360320137	330773.1257428321	355483.48713516584
167	transit	447.5609189372984	7317.212761970725	26191.05678613212	59359.53720597744	110585.43184181282	162289.151358009	215124.666339252	266981.1347488315	313331.7378349892	347290.5426168217	390376.76883464144	439774.9675540863
168	transit	196.25257407791491	4345.175240139108	9665.864248497723	22197.531778727658	49724.2111547584	94132.08305203584	151512.05743393427	189684.13499456007	235153.73945745148	279922.8606221022	322447.53364659357	359457.23072389327
169	transit	188.1480141271301	663.4386367320881	1445.482689434166	7444.047135685403	12320.250670386891	16242.739963675287	21250.869617137763	27140.74399662251	38333.640170654304	48335.26282138197	62269.151682180316	88088.728105899
170	transit	112.69209626600522	642.218783521591	1842.0844462809823	3320.9328614749475	4200.964474469381	5418.259540358408	7089.876824840332	10343.709401979762	14419.295780608805	17561.182447305357	21522.160440183798	25392.27280569994
171	transit	0	2.245506390112299	15.667719549744472	481.7605531266998	2483.231997512216	5361.192187956864	9037.960525461227	13568.983206555524	19704.692583291886	29159.04158874779	40907.88599032834	54882.21941239872
172	transit	37.73893025927181	157.63627141641925	1262.0194566252799	2624.3963631258734	5016.09050679641	7866.141880077696	10483.040835801907	14437.745718475713	20425.905476973683	28760.028274780587	35435.33538989193	43870.96711177291
173	transit	126.02184756847521	745.263181308629	6142.113468415242	13395.659767180268	23864.71162460933	34441.9762121923	54965.276033220805	86241.29015076777	127442.27597113131	186086.0199545201	230136.6050555138	277765.942934482
174	transit	89.00603359640715	2331.8243801754006	8844.63078851319	19534.26225919594	25805.39607283959	42655.70639917793	72097.73329721727	118597.41510154486	175030.83699500683	213652.52851175572	253368.94814000773	302385.88387157273
175	transit	151.1097070381921	957.6743614858058	5731.501513424778	18778.439488149797	43387.0511269688	85387.50858055099	134386.94402598235	171746.67888540687	210860.20148636494	258608.1951608069	312144.3728982867	348327.9419485419
176	transit	50.424019033157705	3048.2752006084547	9185.241217080727	17771.592158103056	25651.79673258187	35930.16956227839	53381.387749452406	85670.84763750076	131548.8896100368	170546.72887059112	209255.39621200925	248969.54306457166
177	transit	41.01177660766559	140.81589106394074	347.98470473160194	981.9968804021963	2346.2521067515486	5282.953692872274	13955.557715325322	25348.3956553201	64077.835347079286	123715.36049232571	175357.95837654592	233151.4774120826
178	transit	84.84971098783353	655.5074352910568	2414.1523146677673	5152.674929878162	7840.156000539845	10711.273906700186	14335.869579866398	16976.99411563668	20796.612445322153	29172.594498182083	45465.838908742575	61201.277485693245
179	transit	3.6359660787917596	7.829661467604674	195.94532239954765	2495.3989142348437	4306.454385185138	7224.169617394621	11667.68757503306	19159.007424528583	24512.62333081782	32336.667997268483	41383.788504760676	59985.53332591066
180	transit	0	0	0	0	0	22.678250743669572	1210.6190182357548	3924.2630928055296	8474.032715177162	16981.31351638081	29825.26135079791	47146.044708634436
181	transit	0	973.412767426458	5655.168334611893	16500.668128377365	23004.638069131393	38370.51456282418	68762.77804017485	107224.42920637595	168657.48447107704	211187.46641873143	251007.1609386966	295000.9986811174
182	transit	68.87598246941764	508.38321282934345	1377.9618120723994	3506.5822925775205	7662.891027552315	12276.663028099281	18044.391035586486	30933.27771708817	49550.17267044036	79424.19085358764	143794.6511419274	217425.8427129404
183	transit	0	8.207476673409632	13.415433759348273	22.106349487148833	130.00115662621522	395.2773504720012	407.6050463589699	412.4614114053515	412.8789269523255	414.62589989887454	414.62589989887454	417.03476924884853
184	transit	49.955265152534054	1265.2420055459734	5923.3242829158	9031.389512967018	13775.893405055034	19206.660588164093	24350.01115476331	33008.30188508115	48872.35301291222	66527.88865705534	90218.00158933937	146892.6433801655
185	transit	0	11.150955601855626	49.16490317709199	179.35195170991514	911.2266533875909	1610.2457157080332	2223.3037983016593	2802.8337572742134	3748.096490738355	5820.266649183279	18008.175132994154	27410.717761557215
186	transit	1.0260705124629648	42.63322979283618	4107.370522094372	10739.439412027721	15456.775158376015	20787.117101027434	25749.991104763423	36279.28230928701	61237.104822785026	108979.0289155442	197604.46161816962	272276.2720582158
187	transit	42.44112265742632	282.98332095895694	1516.8459199452293	3845.5855140222966	9211.342009367421	16053.003993418555	25179.119786003896	34784.71739001942	45539.852554418205	50480.13827453738	53548.87529294631	59398.28622544281
188	transit	0	88.9507272299365	156.26966496224665	379.31889291394737	1390.272505728677	4145.990815966149	11943.93976680865	22153.691618237608	28931.84623161987	44453.49291551615	77783.08237477236	143601.56899955898
189	transit	310.47061719090095	2768.4505449852436	11409.828606778226	21292.09593695992	32819.695188192105	53473.22058411582	87996.60776538713	140835.06825990506	178936.05524689736	210666.70211070572	251406.38661372825	293248.41681144567
190	transit	0	486.75419227165133	1532.4741592706544	4320.89837376695	10281.207545884461	18960.6398637302	31257.192696605653	42786.272872476926	55842.18031633023	73456.07288893386	104138.49108423013	164067.5978349982
191	transit	107.53834683837368	1731.175443970801	6831.316227107918	13493.486399636415	17276.446655463733	24471.97317077935	32477.19412463649	33857.46739645333	34705.32270645229	36793.20534665672	45947.41770960297	63796.33973471771
192	transit	28.319193506153447	469.9017992743052	1011.1794163352072	2294.3421695781785	6285.480789450351	9621.46066092583	14112.189987042095	22643.673403630626	37919.17045284882	67679.45040452432	142195.53652224413	219283.7613791108
193	transit	61.293470226174485	230.337053754303	727.4534839452002	1583.908812781954	2879.4698888725115	6528.054137525089	9765.916446464456	14474.177821079196	23131.464926922723	35788.274480973916	59401.50310284543	111078.27841707513
194	transit	0	102.06285495025867	549.268368685405	3264.555782069868	6498.423291779851	10104.587062654105	14395.508065890717	20162.16062194626	29545.97278676713	45392.25599447903	66196.04547320171	103226.28986615865
195	transit	0.8827596577694403	10.524456808740105	25.66868915980695	51.71990750464732	67.30551968459888	422.86149295284565	2387.9070157719625	2796.525748485117	3246.7504597672796	6532.659695999234	19306.72268752059	31297.955053387283
196	transit	0	0	165.76264684781714	1254.3818568090908	3478.9849320061076	12138.274473169897	20606.06924035813	32547.674616509314	44442.324376993216	62006.1123768456	132006.76225580755	191119.81074168617
197	transit	0.8827596577694402	6.071424757325373	1166.674780589376	2628.5640076181367	2723.610097582454	3605.579553936788	6663.674468773029	18410.253999448483	32925.66150155466	45082.53882795292	56282.83916895309	71497.15057971395
198	transit	51.49869982924596	109.2964433651434	884.0159971038925	2883.102392663122	7267.310249965198	14688.78029451762	23528.814914158986	30406.78163067343	40834.71396084173	56144.32892152801	80629.31138482312	121075.77630778059
199	transit	0	0	0	12.877184931410206	561.4157068542488	6165.327335709318	17954.306118140543	30506.72171324597	44195.196022742275	66996.81858377985	123152.4383149788	186405.48609691573
200	transit	0	17.230058919797752	48.966717286828164	311.78866449069915	526.1254789766951	1048.6959608618165	2964.3436134990343	6696.319187202762	13521.622645674617	20011.905772609403	29308.948427259118	38052.96650898236
201	transit	0	0	0	0	0	0	2.82372356769247	26.017810927220893	33.24742224061251	37.730220744964754	39.1915251593737	55.287848220344394
202	transit	0	86.29124049219325	885.8602095846924	3279.717436722125	5785.276969032578	7455.173184293547	10010.939309385702	12355.19021283322	17611.882172976893	26458.942518888234	37841.832349851094	45058.33979767168
203	transit	0	2755.2237899926445	10393.622273198818	22197.866028853827	51261.64029932801	97406.7993173781	142648.2414943093	179042.38769010184	220708.05063391154	258600.66185940438	297945.11701314966	323532.850402268
204	transit	0	0	0	9.286747635313302	561.4983887036177	1131.2764005843812	1475.6493574171636	1621.8414235027465	2776.5785233073884	7673.397249007685	15988.434095995119	21021.981452081625
205	transit	4.915038631674324	12.557197854340941	29.79924331610437	64.34761678686453	81.78667856508747	540.4966782720762	1658.4608551324052	3065.5436977252607	4018.8123144057704	5505.034342501898	5950.337532289493	6128.413621155297
206	transit	69.54353061390556	209.44875102540968	520.4627692593264	3714.248957917836	5327.8398065939145	7099.977724903825	12777.147151352734	19895.07125724501	26011.506749273918	32636.960078823664	41203.12581068222	53329.204382868185
207	transit	0	0	14.34366086839169	14.34366086839169	14.34366086839169	14.34366086839169	19.10189452184855	332.8005161098956	1153.4513296801458	2351.426691367745	3953.6992065945014	8637.121864494595
208	transit	2.928078877611063	265.88672298893135	593.9924407361842	1176.2451900198682	3003.6008210690024	5410.730533022988	9424.272435925532	17558.177401803394	23815.85067222625	31915.193373645663	42934.20223945941	67199.13647923281
209	transit	14.224220242842001	293.56979051220424	1981.815354566084	7221.323471601172	11540.224533135493	16214.95496719021	21273.676449571136	28731.208822095494	33547.00110685622	41673.25071373809	55638.0136325731	77732.30729579186
210	transit	19.382223365072875	1046.8135044286116	1878.5262342327567	2738.584002869154	4685.721005432528	6582.989821225227	11549.544275685144	17060.56808521594	23915.450369179664	31317.43271754753	37534.23022863759	44662.7606780603
211	transit	16.91358093319515	728.5640402228316	3542.860098415306	9987.196741359263	14175.716790210461	17520.10490115515	20510.302633906667	25861.76084942114	30978.728630325524	40416.466109429864	50450.60349183738	58266.93270652242
212	transit	36.880181751839466	555.6907624196564	1355.2310847805797	4317.850113102532	8917.123708375286	10324.90941869055	10820.960781417558	11200.450758459634	11334.789727490093	15144.201872753198	31752.211655114486	36062.0270567346
213	transit	0.9186866831074239	46.19832458155149	214.46582222887102	412.41721693468276	778.2617139707687	1245.0721090946572	1913.746671342587	1986.3073892498794	2104.301992866502	2467.890267600513	2806.4846881241433	3326.829259264258
214	transit	0	0	6.366737805586572	25.05218002979993	816.6304568499332	2454.544113344703	3270.1925938877084	4381.144025843354	5606.729194406018	5946.337018915479	6426.820643696267	7086.162560971464
215	transit	0	0	150.09513331589682	437.82155062114003	2486.8239860967037	6043.406768928997	10525.531073990067	16043.922649743827	22281.72021882363	30044.668462179656	37493.10673430834	50688.39741229762
216	transit	0.9731305876631879	274.45562787565933	1369.940811807146	4589.486652789724	8241.017980744771	11006.300156422136	14267.012333999135	21851.531162330768	33725.70146024827	60089.99129226988	121571.28499830163	191528.11550371893
217	transit	0	718.8730041244722	2516.0902547293267	5240.231266963174	7942.249456566173	10919.3328478399	14421.30396694636	17133.74702727818	21254.966049529954	30058.189984489723	46763.63247555503	62871.11300867076
218	transit	0	1469.1469242064024	3878.741306538834	6564.655187375444	9144.038599865777	12877.299480533089	19924.09520019587	29020.692846966358	40433.465426090304	51736.067005074496	60542.112817470814	71738.85920853374
219	transit	782.8137954825638	2592.9978787585064	9151.883054489284	20885.62868353392	48805.80912234474	90420.31273024397	142332.09817497715	184535.51230516782	220603.09556094438	261977.47670160246	307859.8563641532	345898.6773561352
220	transit	770.2937407567173	4115.756455868119	10568.043807458604	27589.136422848682	65066.23888926391	121620.58534380335	175911.6439055903	215636.18905826483	256323.75845430384	295098.71972770203	331100.0170867899	362672.5748152745
221	transit	124.24554689798897	4390.766957348254	24908.605902055475	55760.293647399296	102679.71920770568	157277.41451626812	203643.2325645549	252002.63437778968	298044.2612079848	338619.6698858748	378571.5916133497	428056.41541170725
222	transit	71.06157682305425	539.8139537593256	3001.7857830604603	10369.222013988643	23462.614991351475	43548.54282733278	79608.26606328365	130702.93522172292	169088.47306977978	212438.1439142012	257092.49521197265	297940.79879909876
223	transit	13.136889741131352	97.65873825503357	908.9891811397088	2707.8587422218134	4055.2955878082525	7407.277995413687	14392.792480707003	19190.679415066057	22999.2412925979	31266.065914295006	49632.89400847617	76851.05046321955
224	transit	12.542067192062763	194.32680711821607	479.0138175189441	1183.4226381851413	4768.128428847443	10133.878538584748	15973.125812423212	27851.068676444942	37603.25017541466	42189.37165761276	48380.01440419683	65447.295314758696
225	transit	0	0	1.3781703111766317	1.3781703111766317	1.3781703111766317	1.3781703111766317	2.321686908828326	2.321686908828326	472.01273026791046	483.54695564145027	1098.9021037610582	5469.465255140561
226	transit	14.78346746395123	199.83654957676393	829.0071302150347	1573.477904389153	3854.636765193912	7226.358847301438	12708.393345031325	17111.56414188496	23471.14864682976	28743.341531120932	35411.0872646629	44240.16073756947
227	transit	0	253.83013564819913	1249.5197634619299	2347.629276356808	4309.537406415132	6871.612573024748	9266.117149942347	13370.579387595415	21786.686745346964	33744.03208322854	39881.8347410938	45634.98055719097
228	transit	0	187.97610792343391	1528.701984441436	2535.849024180978	2884.1434404851448	4667.65930743386	9615.45250835959	15475.955706720306	18642.402885103096	22183.398030915974	28119.51080327478	36637.09584233374
229	transit	102.07017029688112	1596.8646292259186	2627.41020959282	3332.772630008968	4883.953497841058	6079.962736110986	7510.877678509708	11254.507562452214	17951.436126537443	22786.13788350744	34291.45149250901	42430.46224923586
230	transit	0	103.73944412166603	2085.8274745891886	5000.064676553217	7528.851316620663	10160.14335673084	16118.194794696166	23551.395819258152	32299.577782168413	42390.83923030673	55084.31060982501	67075.68281908825
231	transit	21.27113190991518	157.60180829116672	857.9458911158202	1807.5163800538364	6922.625307047816	9792.921338506454	15222.8339311725	20381.36783604339	24676.033318651644	34126.52339924202	43371.84664366334	50815.716929957736
232	transit	0	0	822.9689814598012	4305.170483957993	10314.926884921579	17542.109716506933	23094.82289332877	27187.234977203694	35809.28285274065	47803.87312655997	61472.51451311583	74215.63906252352
233	transit	0	47.77855108753024	239.81396233686917	591.311322904772	789.5571177443445	885.9008685075013	1064.8841235780326	2555.645301856332	8933.076597710346	15354.329703226285	21057.050762437168	27490.562789669377
234	transit	51.97430921369353	215.19187674441534	1549.484780052204	2669.3658057604034	4207.3816223404865	5135.25487001948	5888.812458354281	6424.921721267652	7724.312512472038	9405.07238642549	11247.3527683647	13921.03377772102
235	transit	10.172946593083958	539.1661694334499	1817.04645853445	2931.2477721599016	3967.6139598544682	4700.901362946438	5559.343700832461	6124.221300432257	6598.865525084258	7817.552483520041	9442.749576418715	11257.317744390677
236	transit	0	7.829661467604675	11.948277910837819	120.65186554669175	2227.045311605434	4926.579481619438	8527.752978899704	16102.634129933811	21635.78477241371	27928.037908279064	36552.24415189698	49281.913278709835
237	transit	0	343.5089263879736	1745.5600103786032	3712.357452546034	6100.321626046694	9047.777562795694	15351.965955655167	26353.29197079502	49827.55640610991	78063.86380463846	120483.8236036299	196441.36105991024
238	transit	0	74.46089103355403	593.2752631986795	2016.9023535215824	5801.17995639081	8740.37626712623	12010.9843905865	16162.166323155923	25579.389627487915	38878.9818175609	64918.299630844675	120577.38964947735
239	transit	0	4.5948158322116885	269.44345957604037	1351.6496039690344	4627.257000605501	8321.869660258599	17686.221023900896	37637.714281884364	77081.40469985746	151052.20525904765	222343.48601100882	285155.5867396969
240	transit	0	381.3752663651458	2292.1258974208695	5585.9375219369895	9273.843135361602	14265.793622985298	18728.239484594753	23986.03771777367	32001.760748023553	46341.8971197991	66701.75107476077	110225.6853593699
241	transit	0	95.71773968517456	311.2466590705461	1384.217310326551	3955.338603995857	9227.398839522424	18837.825302408623	32321.73793139654	56738.60972415956	116164.67630380251	185348.2799773324	255116.98852618228
242	transit	0.38413848805485107	5.860855789179728	51.35926380469283	203.29375486561486	1348.292393728581	2710.9451010404364	5320.207548458058	8087.561900624171	10641.968497525035	14796.38938716122	21858.29660344008	29323.486218123217
243	transit	0	17.1072740285335	1268.6732968433137	3285.894406680597	5679.400952291123	10200.47282575134	18157.295119594135	23440.52005129089	31292.122264360434	42429.46436359537	64198.65013232891	111513.89531056418
244	transit	2.6450678748919745	11.809514661343421	78.2489579685324	406.6016738125213	1623.594617002082	3494.400876386114	5860.990755867151	8472.492359523068	11929.768387416485	15764.607555862933	23735.256665224046	30597.101256575297
245	transit	4.520398009950249	16.36318407960199	349.9352074215389	673.6108587864181	2085.994528923372	4328.8533333366795	7198.831331198669	12152.978265630147	22759.658935632287	28286.752224940123	36752.102998503375	42315.90083876331
246	transit	31.14017880522201	187.569465400898	1321.0104897257006	5616.598209779276	8521.396898199544	11281.89642872536	15056.707389747746	23262.215865076916	35726.39366292213	60982.27543357785	116999.94938620235	190438.42516910794
247	transit	0	84.6664885025751	587.8397041362842	3362.885555572726	8086.891666292279	11122.152612997666	15746.639685141576	19713.698482206706	26065.249565474733	36016.14937574936	55514.75755741333	70922.25261127997
248	transit	24.973373732839562	39.51566229005349	1109.6033942534218	3503.889399621224	9427.1600187597	18688.1594496582	31990.944879247945	42954.592598449	56907.18428922039	70699.71989413942	83880.14226065225	98286.83311564387
249	transit	0	44.273126840777444	1916.4058383665524	6002.900143107054	10128.501868891153	14318.838479303478	22245.126857282095	35816.06720922366	52803.48349551866	81977.7224264993	143747.69754506016	218726.88057958978
250	transit	0	9.121849796950883	804.6550449381286	4360.322670467657	9494.02126866648	14841.857742958884	24206.804028093586	34584.54822638899	43656.099791880675	52744.67019464134	60568.13578009953	83256.21395548382
251	transit	94.61620888092651	499.13387617100756	2070.355661567989	4340.741104185776	9128.932985697933	14353.762628597178	22174.496273337325	37609.8310721001	56718.60888625408	91103.70590104202	156657.6928919526	233276.34180543546
252	transit	0	136.91767691164762	1284.7774132292866	5331.63204180711	9463.672057133384	13901.014833034082	18857.3997294332	24629.69494947823	31375.608851279565	62994.84408573561	126165.59089306933	185897.50967440743
253	transit	0	354.3972110160813	3612.467387812834	7702.850450551702	10456.90390744103	16187.562994973541	23629.88643035718	32377.057612762907	55028.794290715225	82541.4940256332	132688.46424288108	201546.927299144
254	transit	0	72.8323300649302	562.8210856367944	1895.9232373880427	6097.398092000024	13862.475182178941	21428.62101576582	33519.35608389601	45929.66519448177	63070.38171198811	75001.38980176247	87012.19686991654
255	transit	52.85192001971999	158.48255415480963	1377.714284511401	4881.2649191179225	8904.806335115833	13708.640618538784	19777.908890503946	28278.55718042264	41333.031503503524	57822.176111016095	93117.12297344275	156847.81415083396
256	transit	0	396.26590138732564	2982.939183106847	6374.860277794687	9306.587138466884	12694.181340541478	20823.4097645381	34408.550085698385	45965.96017916376	55907.56301679342	66021.09090923851	79862.34145602358
257	transit	0	193.8360187227611	408.4010179807344	1695.8253297781748	3710.403913676889	9560.21393952452	15487.681667592205	23000.31321596088	34106.21623357318	49133.22261710524	58430.372679113694	68551.84491515894
258	transit	0	135.277057628354	1055.175889485543	3706.9592639631574	7660.472353815309	15602.910864795795	25030.475208895572	33082.87055498395	46460.15092961164	78737.27660600412	126622.64991805072	189834.94977794026
259	transit	23.901451305996027	188.2167973120246	661.309234248534	3044.7712059055384	8037.561625816718	15014.957385510059	21731.45014248913	29731.574978939138	37764.52124939748	43690.42176866445	56163.32103514064	74552.91449419229
260	transit	1.9826379600502815	20.4211709885179	190.45440537349677	1523.3929205706347	2494.0373925345843	2986.0730609423963	4842.603815190342	10007.007207330762	15177.278403463748	18292.67439369694	21870.29887919794	28651.179471283907
261	transit	3.60167989750583	10.170713979225418	1265.372285184921	1887.2157585933978	2318.149663582826	2591.159630844723	2723.9227986191418	3052.993348618604	5524.950496143711	12593.210868809669	18351.289203977358	21554.158421920572
262	transit	15.356518397435956	229.43159045714992	1250.0977096483653	5634.8594441851865	9619.200965636413	13901.276673509159	18800.025536358015	24584.978850144682	31314.03629006254	63235.14606590963	127161.62478917906	186914.8474020485
263	transit	13.888539350630213	824.9105235146055	4464.0837000659185	10582.367527460856	18519.314255017693	29553.528885217445	40195.61207693707	57581.417705806576	105114.26382171041	169439.10679317263	222418.51865697186	262908.6068538602
264	transit	50.66352737189671	176.54604093753966	540.1105222623388	1260.0754764505898	3516.579752083949	5139.346993429212	8635.583128624887	15678.652292146055	20594.903818802108	27679.40951837627	34071.01193306133	37546.40328865067
265	transit	209.8055753688379	2024.2827918457483	7873.374281992153	15836.742409499902	24270.573813482733	34266.34015000671	42053.43759390394	47460.701917874336	61297.81901321379	105249.3071435044	189662.65800692418	265842.6441084542
266	transit	29.781054674898947	601.1472531019133	1610.59346760004	2160.026306113441	2429.3714353680057	2659.83732185824	3439.5516043526554	7722.953299337052	15077.207332154396	19508.467143795093	24118.789504739638	34619.445864761175
267	transit	0	0	1311.64524509641	12739.58065870927	42610.05328368153	77415.87910731441	130285.13977485993	180980.9290926882	212071.98554404808	252209.1685559368	298567.01050063845	339221.16990132834
268	transit	0	195.61311719577446	707.5951124351909	1776.7486108945056	3795.1991932959495	6622.655927999749	10783.564057144838	13420.283006728385	18385.536736496506	23985.26039244103	34349.67031914284	43884.78660747758
269	transit	0.9522490560157778	330.9171275105497	1186.1637463535203	3320.2385252454133	7811.7596564616615	13454.405833963641	21394.286295402373	27700.2899297421	31703.276491239038	40498.22482929566	57389.06844947801	73504.16708685608
270	transit	299.40462303503205	1306.2345733840739	5536.323652791159	11146.612177235422	18124.120522745445	22758.281580100298	28978.44263602512	43244.250463524586	74473.8780928	126234.1909980782	189784.92752090277	232363.43545990024
271	transit	0	480.9959061223972	2135.282186162952	5511.3558377381605	13149.577690755383	20692.639581189054	29729.31228981585	38994.29509919901	63476.59158500235	109338.62105933667	185929.28718338534	264953.0579660635
272	transit	0	102.09570225160785	404.66858273842	1408.995387252261	4868.972647867281	10779.892850029586	17180.72627066272	22926.93237783859	29276.527094236953	36908.145661273695	44465.22876499036	55117.577377332505
273	transit	0	0	0	0	0	0	0	0	1100.9914903251536	3443.706856734365	6786.802586866084	12553.477316775949
274	transit	105.48803431641451	423.6450244763528	1415.5539310756608	5003.023320572173	12229.17607605298	19184.206758630127	25443.254287942636	31464.61946264497	39121.60751030916	51984.16654699694	68569.98633743968	85873.35258058684
275	transit	262.33859902288674	3729.066307581317	14654.62378156553	35369.10685049846	69092.9074393921	125100.37176171131	181697.83415942095	227838.18626372475	265722.68716149544	298336.299856172	332641.3983129915	362865.15121947735
276	transit	751.1268835219545	5787.684184631609	15164.192873908565	32177.505195789698	54782.11542817406	91697.21506222626	138175.18668795755	178491.29520992847	222852.77901177385	267066.9293043888	303763.38265591423	341016.999758107
277	transit	842.549068030367	5689.8061976863755	13695.087169376795	24857.40931976383	43102.33675903233	79885.1512814606	127300.49779728321	182834.51242427307	215536.1745780694	253221.9105973943	304279.74430445046	358880.47801414615
278	transit	9.00052754343414	441.4966119655384	911.9787335541412	2129.511512759308	5675.912747170694	7875.892587257578	10119.028149634973	15146.137717812262	18915.54519454426	26934.490049322398	39258.813942803004	58177.64721182967
279	transit	0	55.61420377630387	355.8278149363177	1316.9522011659933	3120.872989427583	5277.174904921087	8217.308394450727	12456.751321711512	17722.684601794623	23397.656061845028	36893.0061978347	49775.7910230949
280	transit	325.4083736992908	1337.0558632015411	3414.9492231060535	9721.456477867445	14558.78642574079	24962.35315790996	36724.5993747508	45795.85045196604	63878.69798547382	114343.59568528135	186695.50862582237	263728.9398624194
281	transit	116.48917762128778	519.470936306055	1560.779092312374	3622.625442900238	5870.630753583346	9359.116538737746	16646.49804139131	24341.966942744013	32453.026805284313	51634.36265499276	88174.84350810331	152656.83467436893
282	transit	91.97722842735037	917.3854993862012	1796.1416379612428	2180.9944273594847	2461.6592505597378	2655.7728195029777	2873.7841716552566	4083.4745394779115	11107.578304217042	17549.94672041356	20435.40035483951	26363.7455480761
283	transit	0	218.5156146179402	542.6196751568845	795.5420442680373	2929.576208099614	10093.439237515426	18270.492175030864	23586.43463285821	29239.1363015452	36775.221698123474	43648.50511527459	54627.711001716176
284	transit	26.980389920447042	325.9336907840671	918.4270211100904	3934.302125145159	10844.669896548005	16676.45787893605	23349.487174092897	29636.15400110833	36033.9443082847	48174.29896597006	64302.92499107374	80470.87246646835
285	transit	2.916858250265664	14.070168753979338	2352.2776411327973	7045.057207772755	11498.828687092338	14607.984642820786	17302.854312953932	20814.53136621836	28793.323253355615	39268.86417402384	46059.479182028124	49914.833709107756
286	transit	4.9816848946025445	611.6934240776393	2431.596602157791	4444.757834934445	11987.434007500035	25329.29745591635	39002.65026367024	66545.44550110988	120310.5598101319	186776.9163569838	247175.99517970867	314579.3481854137
287	transit	0	0	46.91001531427206	640.1204523701559	4541.75150581413	11181.752227072251	16214.595548407828	23617.71913632175	28117.074711346722	34145.728485945554	44095.761283988875	63688.51549721187
288	transit	101.5387903550974	604.4168144992796	4853.000856037863	13196.99343348441	22277.392034009066	32263.41211457916	39918.89290826389	45350.797960668875	53915.148015042876	83767.3660202033	143256.57800334384	227185.45478194987
289	transit	0	599.278490630507	2402.6007669321875	9178.814355067	15791.60357044542	27306.118684095047	37399.79510881058	45139.73920281179	54848.31363841928	84626.11378211083	159984.7520212215	239318.3921929186
290	transit	7.662528321920623	15.82406355337298	168.49799978521543	773.9153605139828	1418.7986232654935	2110.8557902492544	4035.3881561018966	5275.533676931431	6945.777855153001	8746.179196634559	10797.444523040609	14712.804008585781
291	transit	165.89425557821974	704.3565071672527	2428.469846087095	4387.761271169101	5857.513157883281	7567.126619615323	13364.39187696094	21833.7222803598	31484.710501968748	40854.19727442737	58961.64133206962	81009.16825107097
292	transit	0	70.3939855548496	1412.1711396825765	4645.154159902233	8109.697882662228	14782.459617790466	20861.53879333136	28428.42885723594	34375.32378483693	41560.1580609039	48706.4975745641	59084.998120352204
293	transit	0	281.69801160450356	2530.6917371733052	8082.491816097077	12877.853842087376	20609.4689363642	24646.266408208503	28051.150048091662	30695.13799635321	33932.91413770437	46095.43357956765	56429.57872226491
294	transit	5.668721333482493	293.4084567753692	1077.3154754808256	2964.6963695746035	5852.12439797411	10171.168547717436	16893.890904786065	24872.79378616015	35582.46470748321	54721.3366286436	86679.4094946661	164411.13573179086
295	transit	74.87852364020546	1488.4389747752625	5624.954957867386	13331.007090237714	18908.156889540438	25846.636916151652	36868.65006195476	63545.89703551983	108527.0171392192	174220.19551392947	221404.98828327295	256280.04961113015
296	transit	116.90436252497892	707.6512757151307	2011.7129688186517	4881.729960184	7662.442484083348	13168.404258695537	23201.804278478783	33836.082329315075	52943.671486707906	75236.26358571128	141162.2088680821	213407.03761922766
297	transit	0	180.70516820935796	4739.189288864491	20355.192833314475	50580.27619213887	90865.78258578182	153850.08441562022	198914.62545462785	243501.5126136568	282554.98828054813	316513.7239537757	351041.9526621072
298	transit	0	469.7742273219812	1369.279516851165	4824.112870702271	12506.38678146452	25199.93331962889	46869.4714964517	78987.22771300597	140174.71364924195	207038.30594989736	247059.98787202168	284766.3421620747
299	transit	48.58939838205105	611.2848949393122	3448.8833431969383	6071.466698222065	7764.170668130726	11120.265434447385	16008.7025621502	19570.012467877543	29562.939575043412	40306.6816549036	60479.60474130537	95580.7582811513
300	transit	0	1686.9794867708729	5188.3737084146	9133.317847481623	14092.32055635048	30185.07107602658	63808.37606781639	128176.61489163233	190506.8532056302	243743.58086744355	310867.795302617	370314.6225951646
301	transit	17.581954887218046	67.5615045075375	291.3268694123368	580.6965435978005	1177.3130662477088	2182.2070273365107	5821.133750335041	11894.253903247383	17605.817053914518	26716.03513616427	39760.5081547294	55303.84172646128
302	transit	0	395.12184914353537	5818.081846105575	13079.614592070338	27915.980829909622	68120.40465968326	125488.88785501485	177720.27582245436	213991.8157192784	243334.82497188094	278406.062578566	309229.2578516703
303	transit	0	1204.5419546689736	4457.32093246986	9600.76187392404	16483.007151523987	38645.58257846649	68985.9152544479	133787.44510244858	194993.05293222397	249303.15690348297	315768.7033362633	377629.3221569424
304	transit	10.600504001288837	2083.6484364983803	9480.909328684244	16845.920845730314	24971.72400003603	38183.29221493702	66019.95441850903	100541.28348908725	160498.9557951127	213647.07139258017	259772.78228415502	323087.0310696478
305	transit	0	491.48138551561135	3358.77446781017	6727.958439549533	13568.77469823517	38381.08150369636	75794.6787035465	140193.62321406446	209491.1199212728	257867.40255046144	292598.9114661824	330696.4924649744
306	transit	8.477077242467935	151.6927557412861	473.55425626445367	1156.1703017123284	4429.226527946203	9686.754418009108	15702.527837147589	25731.012700553067	36659.88131371627	41562.94319021191	48087.02251966021	63940.321024045734
307	transit	0	54.77548181104091	966.0460867829398	4865.788238326055	10602.901867937026	17790.57904510864	25715.574814356067	30573.0778565163	37664.5144651879	48158.313988061964	66163.481741547	86079.29395856296
308	transit	205.3128134980315	1328.319143536344	2371.36457420588	3050.7550828144035	5481.286163471832	7702.959304657154	14095.765568817551	20509.71317325368	27918.77450442177	33428.45024680356	40372.19329530428	47997.564931984096
309	transit	462.9675216211085	1417.1463559428216	2029.9333726937919	3498.705376063999	4905.185490284957	6144.4297301974075	8126.714410760137	9988.418557196595	12944.726912273143	18037.227450192735	27592.674711831445	38284.5263844411
310	transit	0	92.07116752827967	581.9141935814097	1122.3968879561858	1384.3087884526797	1596.1738557465044	1849.9147183200362	2604.8128164581517	4734.887718891234	8024.178017835939	12296.348870170623	21410.279707443326
311	transit	141.7416349746481	429.5308824858485	805.9946851624622	2604.0542070518236	6250.53664301548	9872.465769001896	15938.202275128431	20516.53145107145	26265.565510662058	35640.26003878807	58256.6488211801	118606.38402957004
312	transit	0	8.93806117845613	181.41993062847587	933.2471716869709	6409.715027340572	8990.909140667822	12419.850407700671	17302.82073081552	23093.497271610828	32930.56798661272	51897.35095897888	82639.56562993834
313	transit	0	37.115894342381864	252.61936751668037	821.1117853547378	1662.8651070997987	3062.8342519096254	4686.683348009016	5674.377960878658	5975.688939035647	6145.796630127592	8151.783881637853	13383.497842493556
314	transit	0	26.198742507277455	136.28497843400618	459.5810764634118	1272.2104476096654	2321.7153888813186	3281.0481730030056	4337.786217510662	6239.1630482117835	8201.54618248537	9682.924858209682	10782.751482569143
315	transit	5.066597755770096	8.355628651847743	13.42222640761784	113.24271748663458	173.7272961294574	907.5442695863146	2642.382588954794	5019.35779210576	8172.53162327621	10797.641459284814	14061.341113709139	27751.794218375908
316	transit	0	0	437.6629393838825	2845.344596216757	5882.825769624613	11973.40026059285	19377.015274030968	27032.772543410585	41384.174187095596	76935.49482748113	126648.59983360567	185149.24066911798
317	transit	160.16583143429156	1160.8678551525597	4423.700908959589	8786.926837590496	14783.40437002795	30860.79693142141	72898.72560267916	140324.73774192747	193317.70321364683	257699.21366813907	313905.32322972297	369003.6560574568
318	transit	0.8612201933610595	122.22867594276838	1979.7968499866981	4392.289477678305	6007.952354470471	8663.144210866947	16299.867229321646	22365.397477167575	27969.905969576055	35243.60598872174	45537.82648726605	62632.20106074523
319	transit	0	5.754086289549377	134.17605162284093	807.0823235913125	2792.728575608213	7906.04420505544	15267.395644549613	19570.480406734514	25673.299011720395	39640.023753476344	64749.42819458297	117713.84256239743
320	transit	138.72335236281228	1788.9162252481315	7164.0307041503	20801.474051768735	44914.669703586966	81794.06943016662	129625.27803170259	169878.53077785738	208127.9062384935	248632.23909986785	293685.4975982646	321647.93226915837
321	transit	0	19.78059964999948	125.18921734044115	330.8305291462413	1091.682408364645	3232.109917177166	10752.415068023582	20800.23724052888	51036.38520838805	115369.4807020846	165114.41638863453	219747.83645685014
322	transit	0	0	271.54859158714464	1838.8279173711837	3911.069639198785	9983.892853835536	15836.059399478643	20723.72047286268	25669.890253508915	34272.08863422292	44883.26722848304	63990.153458169494
323	transit	0	45.2288170721657	346.1303306510924	3870.436453422896	8644.289617027418	19298.98537029248	39950.40875400387	69718.11747434545	123975.28713991908	191084.42944880124	233931.069562243	274482.83128621493
324	transit	0	245.58101927352678	1494.1099894642227	4633.142045723809	8007.504470753929	13669.62419926939	17452.038947780366	21695.416140330526	32322.48669318785	44398.93298187652	62932.213191574745	98733.15999485945
325	transit	0	92.77451977122406	1250.017858541335	3631.0958192874277	7905.512969098257	12600.107215810964	18787.625095426276	24191.796096343227	32159.31712133136	42044.423710648516	58139.12278576827	87227.84345670104
326	transit	6.208742926311729	248.77148000007014	1271.095439662859	4311.30989258017	10947.759681521835	19803.641703670357	31725.294565221517	42519.34568187407	51453.551660268095	58195.70529329156	64960.88305722582	82105.90518841974
327	transit	0	140.26171182575152	1575.4849291864914	7334.494050878738	10896.936487718855	15680.917169943961	26467.60008872703	41106.911763023876	74097.21377580155	134847.00192103614	193984.8175838181	249949.10797705792
328	transit	0	925.2234492368153	5723.486346151029	12133.645187488208	24355.086491809667	39677.33185667041	69297.82355561982	108852.17791994261	162644.33493772522	207097.337602007	243830.8020789027	288163.2473555344
329	transit	0	52.4486337555443	443.75456459976283	1282.3502555931902	3128.632217261267	7821.805007303076	13318.678622546337	19764.582515852773	32561.768476823796	55608.10301239146	100890.9784986027	165886.95102640742
330	transit	0	116.061380156767	235.15185278967644	507.3394914387447	1834.3880988162134	3433.0959678588683	6285.172551471734	10945.45145745068	15399.896820819211	21424.889531846566	37135.13503626556	63510.933241982275
331	transit	166.05671907148943	1075.967153534334	2823.9421811793713	5520.908284557609	8981.786537433301	14172.202846640026	25211.53806822838	38601.712021249245	53363.62455260156	72199.44660863318	159280.39396629305	238933.38175191992
332	transit	12.558275793105807	115.27243511985071	1380.7835041986093	3305.9917622655535	5573.2316671233	6591.398262478307	8672.92822273409	12435.353959606717	18910.382662352476	30761.991393185894	54959.902937368504	83266.39283082967
333	transit	36.481013770201216	3193.196505310759	9351.077029677468	20349.201775833477	35885.21629450788	62258.17833564663	101013.61797194945	157548.0576490819	199109.7299649933	246823.1952025347	283741.65043585584	325324.8843877725
334	transit	0	9925.175496377899	28604.428647088607	68227.5559533187	126415.41276703116	182814.63220417808	240447.22657807227	288990.23092315055	332451.1360982648	363933.7735657131	406431.56544605317	453885.0127936147
335	transit	127.10524564162381	632.9958961829316	2064.017270213562	3084.698104477846	4297.944416756982	5484.370125259034	8330.545072383691	13981.50437042029	18627.70675093222	26167.03496307599	34164.85386726126	47344.47169374872
336	transit	100.61990049751243	483.54901345600865	1883.1967863943166	4085.436055066377	6921.587371421902	11816.609528302117	22440.107745109126	27880.994757992125	36218.62586688711	41741.952906532315	49448.65165266006	64944.30070756942
337	transit	0	494.1642098255891	1889.8240632442512	4204.21124027377	6499.308147665582	10319.407136192256	15410.101189888888	19864.45648689869	32642.39460163225	43782.37005447891	59315.279213854854	82462.52787518772
338	transit	10.084808870439582	339.3847741925577	1639.0685856265125	4179.202131939132	8126.854721059759	15616.439782862168	23624.15300748281	35615.647119851375	66273.10835035621	120440.74728841864	187711.56918157364	248775.26700846042
339	transit	17.203781893967914	235.61655202656735	2085.7230736559504	4122.2034671415	5753.3676851015325	11804.48844172279	19951.101590652182	28557.393328483788	46486.07227513199	86051.46576617208	141693.33461093306	202194.79784015377
340	transit	39.11395883471448	508.5238648066647	2054.5756432717	7044.661370038	11230.94012712017	21154.690985748457	49539.548987495735	106761.95597903927	172837.9934413599	230213.0550492514	296427.86362220795	351143.6939268261
341	transit	4.520398009950249	96.58109452736319	513.0526203568622	1116.6593996637146	2629.7128609296524	5054.56299743459	8789.637876079458	16143.389814013695	24430.944863225865	31162.292524521632	39155.45201967095	44795.374021169424
342	transit	137.23590587559917	586.2187939023253	2392.775912583824	3694.493314764896	5200.465783109207	6200.934423589569	7585.6918524863395	9307.184446522684	10963.528029159086	13881.385886376109	19285.869963940506	28486.21464646552
343	transit	0	277.7652305374753	2588.937907424931	2672.7533328542922	3313.7521302349187	5932.377883710152	16506.09654372289	29251.587920741047	42531.64198277004	54234.443962931255	68489.85552186656	81075.19251652372
344	transit	0	66.4010726960775	551.2023941480054	1729.4090682855647	5092.521513205571	9904.876828348519	14941.698244390765	23778.373809952598	43281.89402370879	74505.57053751776	135044.8001712463	207798.08116283512
345	transit	0	21.445579606967065	35.11772953656056	289.763756616057	3214.7338766501075	7425.148668447779	14670.590745037867	25073.992499593838	37151.738552817566	44599.249394258506	55509.07834854334	61101.96679086465
346	transit	0	38.929127030894854	757.8729564778181	1950.3957435970117	4121.563259994385	7574.133991253013	14199.283734724262	19124.49744855515	30796.29687433916	39438.13426665673	50630.98847927055	61752.85810024913
347	transit	0	8.57645985955304	992.9081013422474	3190.2522441721835	10301.811669695866	17629.335229937242	24471.802156184393	28241.37191367757	29236.135994815824	30988.08290603817	35773.24079220502	49053.087759773
348	transit	0	0	0	0	13.621453799006897	1070.102807486084	7375.634518978058	15134.453444881061	21128.346861716673	28391.79271798855	38017.879702535305	50296.67903259789
349	transit	23.905785247639155	570.8579331661062	3054.0382194289805	7323.14730592039	11986.841483306916	16512.350714974014	21167.422930461296	28026.420409970407	32864.64132354546	38983.73501497634	50343.44861045183	72415.0078298648
350	transit	0	0	0	0	4.348655796369325	4.348655796369325	4.348655796369325	9.950495652283506	698.477485087586	8117.232741044463	13502.625998098996	16442.458280798455
351	transit	23.897623247521516	336.4515767800735	957.0459069819552	2985.611142913911	8141.951010581923	13819.787081368491	25719.04537753832	44477.55441141696	67839.48341717312	109870.29363030287	168603.97188713326	215145.00016261984
352	transit	125.62480427645427	1134.6028579846788	2057.2007271814887	4194.516627044709	7692.98499690783	14093.965066066472	19148.772501952855	30880.801357423454	39865.49629261909	51668.29433166371	61574.491918489235	77850.50012036154
353	transit	0	867.1248435794871	3289.8315519064013	5093.7933973818035	9487.347196042549	18752.3400561148	29735.894447097835	40180.669259793096	52895.02136307948	64041.57349118328	94442.86638260109	156001.70322438347
354	transit	0	186.16945948392936	784.0896064580202	1870.9249377719366	4023.568829455408	7330.800410858978	13221.028075922824	21164.603484264717	33680.22774391745	45265.26748841784	58209.89066389556	76491.96154964474
355	transit	0	38.66517711669612	113.46047127687284	878.3432053675924	2866.1861089708277	5755.317497937477	7518.169161201663	10031.036540829511	13428.087445824713	19984.56454711002	30631.00181770012	40950.539622170414
356	transit	41.263540702079304	520.7632250189411	1132.7242107921543	1859.5501116389462	3661.0987191035915	6103.8273052794675	8939.764528459844	15631.520519706004	21469.08163608686	33365.83438815406	43616.82855944926	54908.98326257448
357	transit	2.230913159356314	3.1826329933936406	268.8101080899849	1260.4560668146469	1514.3106649474157	1669.853824052845	2105.0293560595487	2496.7775461977812	2824.9036159114316	3935.4542354534606	6675.42787414717	23535.82029618541
358	transit	3.327002935738046	272.10503634296435	736.2932698267174	2999.224104876817	6237.070658100999	9822.232068249516	13416.773321911685	19361.98571802761	30752.26308105981	48523.30720830668	70542.90836818832	118864.95379745399
359	transit	0	1.6970675385806633	5.404494080748742	30.852485778669745	102.7878496834271	623.793529675404	1414.2446020315606	5119.81800077142	10610.807362608135	15733.679784621561	21167.875524958203	25763.726886922377
360	transit	85.67308233834427	4707.597876939929	12148.84608572934	27187.495116195983	62228.80311394388	119038.14825042288	180712.31170763253	216230.71055045997	248572.2412763456	287331.03606389684	319661.08147397725	353574.0050100979
361	transit	23.664908932606966	2368.907044172702	6926.227051421551	15012.007945872485	27406.411697186362	39984.96998832817	65243.75923588591	100284.52600489178	147719.67559749325	202260.93355844085	244268.74607725986	293410.10846041184
362	transit	768.4410400573929	2802.2862077569253	7846.015561573758	17627.081503555757	36320.268109525816	69998.32815875128	120646.09906601375	174471.23847346057	211303.146484498	252297.7280017224	294350.69854779914	331477.46212702384
363	transit	2.550600040458676	347.90806649427185	1026.2639943278057	4023.830771144746	5215.334248581454	5297.026027926064	5323.662172251016	5868.088887090795	8447.381126777842	9543.78171045748	14222.047282370075	19958.680367398476
364	transit	0	547.035624512866	5035.615812096977	9436.628572640742	17199.519121558442	23608.029418028094	28839.89458203398	44821.075825400854	74779.3551456866	132566.56062593628	199915.65894619576	242250.29182774824
365	transit	166.50790123307308	1770.7247113079625	3736.5673240210617	5425.9484168424615	6489.404422216707	8898.97249993589	14683.608441371329	20519.069523828086	28737.772117232784	39675.37563833991	48320.10301454749	58800.47822281003
366	transit	1.3997195343980537	41.57815177562004	181.83439122847315	672.2485953900552	2368.78433106521	4411.678879084263	6295.586492059808	9776.078243069542	14534.336265525875	19607.678663974148	27536.94976569493	42053.70409304321
367	transit	3.222708172862245	74.47212999740344	153.07892140994645	937.6751527180337	5194.546456139912	8810.751274500502	12202.594233019774	16764.40053505061	20719.706587273915	28517.925063645434	43121.56790005069	69701.86330763747
368	transit	0	87.55938161523792	3569.407941193819	6189.457350747801	9325.744405834763	15217.399745880904	22713.158010835312	33079.80640154571	45079.90505375301	53831.598359171	64368.43494435582	79785.96308206538
369	transit	0	249.01927148632416	624.1727113719484	1223.746607178426	1715.7258769025502	2235.5416241153853	2497.7549063761044	3589.5402254977107	7378.906385552955	16140.646044710578	22608.27798406665	31347.11250712294
370	transit	0	217.89157754592688	2076.842361626018	4416.9399678468	8872.349514976155	14700.665413304492	20427.741525288184	28874.471724526305	40290.216472275046	52828.510129878916	65812.15560955086	76264.31819011433
371	transit	0	0	13.720758805785975	620.90450211757	3663.16411579829	6579.194890660752	8622.630365111032	11739.42434554109	13778.86471965481	15203.184605116021	27735.31946278765	46990.86106430604
372	transit	0	46.53399797747139	684.1832236944459	5055.503600378855	11178.271547468697	14630.414919878545	20365.70870109277	27369.600403804492	37740.41480937026	47894.906744330576	56985.97115106789	67076.99852586022
373	transit	10.707323186833833	2139.0051334268205	7722.312305926108	14051.288884551646	19767.778463831324	24102.56103444705	30303.317449250964	37004.04537338223	43749.263910725786	51916.65816926114	64236.45711539522	76047.35590247778
374	transit	0	3.8796125254910514	66.14125118371203	1134.550064825752	3058.20666869632	6366.118164957093	9807.336862083357	14570.91286577405	21079.677973814018	29070.038749171406	43062.4154117603	57816.10369097513
375	transit	0	79.87994058749247	511.79528711906755	2895.37614030397	8493.689898090908	16573.308019714488	31647.80816237442	42836.905393373854	55261.085300084625	64557.79905604356	71802.44312228178	83232.6870675985
376	transit	0	2.084717881262978	80.32980165717483	1685.724677699471	4312.908888472125	7142.390907477113	10056.541698324198	14757.611599404212	23677.936662383137	30500.200126422904	44913.71384861458	55765.10582586348
377	transit	102.30410878510398	305.36323599656083	698.4884516663028	2974.9324764714593	5688.795499309142	10201.593394473353	15902.6076884384	20184.09455881845	26381.27136191162	37136.77430501514	50387.88782243355	78296.2882469687
378	transit	31.287614820173243	207.10347592365451	564.9602986958744	1453.631694749857	3192.8583287214524	8301.432537490191	13747.187623336598	18870.26322577562	29747.0605097495	44394.26740491271	75352.3199127368	126782.45416892128
379	transit	37.73893025927181	220.174017271749	1368.6699182882478	2663.7051090951754	5026.969198045506	7890.198299628135	10526.922536740694	14437.745718475713	20425.905476973683	28760.028274780587	35443.13210262453	43923.01694763011
380	transit	0	21.441251243155516	142.38913279821074	1073.9261658797336	4118.900418899012	10846.79893705638	21736.421172897393	33052.08651575492	41820.33683394293	125187.06679699516	186864.25460145847	249584.5164950892
381	transit	9.93949224026861	299.67186395687736	1567.0148053345558	3501.157744889018	4648.217791581457	6845.097128706725	8777.797436383744	11313.571654207793	14605.895970582744	20090.102695202393	27840.255379767066	40312.33673340819
382	transit	6.456010403437394	9.385628569703101	311.798176391894	1245.1636737264957	2879.637311673823	4308.903577065339	7513.928035666404	10313.473694718716	12693.698586015389	14666.21304105342	16506.064581396156	21434.51720635992
383	transit	0	20.76114268378335	201.5377997420452	938.8404466195855	3554.860933821998	7837.116545483532	13480.801997769639	19765.29258412388	32564.621616087352	56646.58714296103	106596.57845798324	176411.96749856733
384	transit	18.846063651657207	37.31666615696153	101.74432508835731	1158.153041762349	3527.326050607442	8321.790885617373	15716.406654161186	23977.122050931353	36038.93546932531	47235.80756344945	65780.47662385758	83558.65708984244
385	transit	0	0	0	0	0	0	0	2.3640921491722224	6.095753299435103	6.94385810631303	8.466315670741233	90.09004163189172
386	transit	0	0	0	0	0	0	6.319475172063798	17.59813170796749	184.42156527558382	1218.9350195965553	3361.200739778591	7195.171228450131
387	transit	191.84909974163193	1338.9958808147835	4024.016461467401	9352.132844513988	14243.86202761574	17653.68221904534	25719.496939127897	34804.233710313754	47957.805593440346	58535.27835110788	65615.23942637476	73799.983602116
388	transit	0	5.674103407866167	130.15931886662605	2633.1058761273894	12050.301211980863	18512.290935450317	31019.133072348344	53280.213054579624	87068.70011332296	147585.86590344866	206443.44021798496	284535.07757864683
389	transit	10.869291665710602	568.5972174627575	4411.381147640391	12411.028729093821	18048.12863541744	26289.325513262716	49909.252671956085	102863.99064894902	171355.71155077545	224010.39836192084	282304.08580981474	333065.941279593
390	transit	0	209.55670201165395	1404.700335205905	3583.240569054081	5141.904383408969	7578.022610071893	11927.535826273943	18184.311575424614	26773.68752794737	37109.94135963473	56649.11284867439	86805.75619705382
391	transit	51.94533806902487	585.5561908069516	1817.4846378720788	3932.23300310606	7806.439539271628	13094.11557020416	20955.17252911043	31043.54477582488	43545.84708189162	68612.01631085062	127440.53577715528	202070.31914590712
392	transit	18.335717529752355	60.69306012072833	141.0100434910752	364.74426923212184	1007.8178395006453	1954.0366250711584	2749.9316737190743	3934.1496462321365	5523.236091509728	8987.526639918093	14832.320177704485	20988.58554621587
394	transit	0	319.62541116200117	433.0702826678184	1286.0751849469839	3975.7762707558377	7535.1249280559805	12544.321554101669	19464.133826665664	30420.644615325986	54202.773374923934	71110.31918813074	104028.53016720846
395	transit	7.946268656716418	58.50248756218905	236.08955223880596	993.6248797194254	2611.681948188067	4316.710970764157	7970.762444219093	18479.884358941323	26508.436948238475	31667.030182506784	39702.570500677124	45838.77390066316
396	transit	281.89966180001863	996.9632283795115	2216.9832520190134	6936.977460700445	12658.66945062463	16485.86155556968	21507.21934590533	30591.95219138903	42808.88100051217	54401.78403842221	63568.03411469835	69723.32624788748
397	transit	0	8.68645139311593	149.00100805506784	634.5562250385434	3961.1779737591605	8172.480129492027	15795.545178501663	19877.78977412963	27879.974344872888	37353.76911706103	59787.7106816527	88824.2460073721
398	transit	0	39.93622610555518	789.0699859165626	4501.563209016195	9720.360070570696	12826.720874220828	22040.952098139485	34438.4839837903	59168.48055913368	111422.7902644254	172450.30704385732	226745.48791494418
399	transit	50.82236987818383	568.8310323612649	785.6999254049882	1756.6588558351898	7691.428642522249	15321.453606507815	20951.746923807626	26113.348467190586	31840.93295598988	41277.37552652358	48765.20470962969	59792.56804794865
400	transit	7.236628554183528	30.852049589449102	71.95874329449161	260.4745693292725	1650.4910284651914	2595.5723771571097	3082.6198917958955	4834.3274317642	9487.596990803862	14976.91352969648	18078.397517830443	21249.414704782605
401	transit	14.493126369118224	210.60897559174327	595.983957606034	751.2049035883992	952.141154020987	1213.1359250648777	1589.112343197055	3454.144420007475	5221.266943387225	6918.0946282632995	7871.490724297469	8175.512924842696
403	transit	6.176287327949665	15.297914703121217	104.85387792546122	1956.8108992110742	5216.950080244163	9726.664785865105	20814.13438311113	51229.6386431585	114746.85713307769	191189.16141627153	254213.5753996192	315429.7094134122
404	transit	147.7515286429523	952.3166269407197	1864.1734907039088	3008.405541667388	3369.448419692346	3770.640362918384	4561.1639181694645	7536.928965659164	11507.124042414796	15842.23255361565	18112.868998587517	19148.170632417023
405	transit	0	390.08168432767377	1360.7584908857075	5711.082066869284	11194.467405461135	20478.510078074236	32775.78715068175	44480.29824812642	60225.876217191384	71442.39037537918	85145.70431896055	185931.91161303374
406	transit	0	649.3328210590807	1999.2366704865701	5127.595946223084	9823.774919462803	23277.05256497946	33540.49629382432	48055.057889907934	78565.18426795414	137171.8308032013	203252.34532314545	268257.49755253666
1	car_dgr	162.13750173685844	5337.82122632676	21746.51709119751	68371.79578389673	146571.84919084617	233815.89295903398	342628.57361788355	428799.1839268699	488421.12554373336	516440.0357270793	530231.9026329868	536884.0435939181
2	car_dgr	5.889644741537417	5512.334555177464	41477.426685219485	110032.01145103583	235109.50507196187	399273.71211724414	526923.7826623261	643889.1098978979	716241.881087231	761422.3812013065	778429.9470757212	790816.9142162816
3	car_dgr	141.56515886090853	3187.661850256462	16943.869828790834	59413.02200583879	141984.5977982444	267997.90733090503	374325.28819512064	474650.95366112154	572512.8396651854	624963.4070554866	646219.3326047512	658257.8797088839
4	car_dgr	31.041567311850777	3353.201158742817	22630.57746299989	40695.23690323261	79076.40442534661	134132.8172206067	225833.5653337321	378891.2246141026	495676.520737995	607861.4823429002	690174.0419111232	733714.4511199261
5	car_dgr	0	5661.452393099859	37771.742689791026	108756.04855609873	241769.35121464526	401513.5837717997	522907.2174794049	644553.6816225814	716712.9901834916	759261.3090638618	776297.355108401	787698.3343398387
6	car_dgr	31.173019530828224	3687.755661652662	15989.056041524991	64967.39087613592	142581.94995149292	257064.15507170575	424994.26555734966	555669.0698181458	663390.4459618102	733336.1979835145	764331.5902139272	778343.2308437619
7	car_dgr	68.91324800149442	2490.7143793719433	15110.758146905308	30742.02381315465	64017.0909549864	132641.04649508488	283105.03013616794	433740.5946864927	573785.4858434271	666289.5100759487	727518.5310297628	754089.63914569
8	car_dgr	207.98726561044398	4434.842738867129	13082.980862366307	26251.405329985744	58920.64228519575	122453.36590805625	229125.47608117663	330249.2558510065	414843.04229437845	492968.23481532244	561053.7964925568	588721.5463061498
9	car_dgr	0	1626.585263974341	19761.840678021497	88231.15477548387	203679.74484051176	339322.248747445	472512.67459181265	577101.5100274534	675712.0989211991	729940.3049812566	764888.1322360771	783255.2514659952
10	car_dgr	12.772135531303258	2547.4830207186565	22974.25382213214	108823.14655825679	259590.59885944726	382077.54812628357	520831.65836791275	633515.5468164785	706218.7483817141	745983.1934326118	764290.7222784923	772868.3610434394
11	car_dgr	13.680644771426676	4456.324380836601	17900.05985980268	39975.8322476484	71148.23897051884	134097.9402542688	221435.2077095091	330341.345969365	476084.7338889645	578727.7896405973	661302.690602694	716825.8303978598
12	car_dgr	0	4330.640134652656	30427.30311783161	128007.67355719814	250709.3309725252	367762.7142916704	483430.91790777224	589406.1977740021	658766.0029756873	700901.5315446235	741771.57244469	762587.8691175085
13	car_dgr	0	4738.578088633785	24062.938451297883	43510.207750260204	103900.43869826735	200068.2874369332	303420.65305054176	395899.06332330155	498129.44338641246	581776.3738682518	650147.0078784336	682515.4306229602
15	car_dgr	180.74105104822223	11055.217915775047	37670.17647465943	83297.0375614831	178696.9188723284	319297.7006112113	439303.294727355	535795.8496470785	611295.1536940157	645626.6177021953	660693.9075437558	669873.0555013655
16	car_dgr	52.730201531443726	2865.64060875689	10260.734799591677	20566.1196401015	40128.63825748842	84865.59207680932	154310.8564060651	244753.33383454452	360625.0448929956	454428.0922733725	535646.3785954233	576308.1875590418
17	car_dgr	15.251355756809252	2694.648117127622	8707.897334443654	30919.190915331834	82808.4161307047	180377.76306981477	313450.68957364507	446821.9083233715	588922.9291164784	671678.0582728595	730102.731526736	762822.7255978563
18	car_dgr	104.14278930995923	3639.8310738983955	18011.265851104497	56514.37390108627	139386.82957711868	254409.36761469633	407670.0141613951	542385.9445575913	659329.0840264166	720314.3585104408	763991.272543726	783165.1981818392
19	car_dgr	84.86116122816026	14135.523560479664	37027.807680676364	74546.96374644987	171037.91599257756	320968.0056577502	441246.4287677041	569106.9491277237	672610.0458846042	734903.9267801802	767569.1056783855	783180.4748411336
20	car_dgr	242.78238469350427	14347.478007602382	40341.02661879399	97993.54276169575	218043.12217810203	388154.8055161588	506561.05869376136	631035.4213663315	712145.2609703981	755318.8243431114	773859.6144277985	786099.5232063372
21	car_dgr	0	955.3728106170576	25623.13438319899	104182.85139461102	218017.35503245002	358616.0726711178	507288.6032747324	612711.5051635687	686669.7283933439	746607.0776360378	779606.8316093625	790843.3936234724
22	car_dgr	99.16723743187683	5380.1664308090885	24100.078415316813	41433.651983471354	96974.82932229331	188992.90624861905	291264.31753989204	379407.72124831	475850.39080286113	561090.2275946642	638971.5215680051	677199.8064893289
23	car_dgr	328.7588740940254	5525.730587863792	27895.87322659879	112201.7037188521	210895.590075491	309184.1812600384	414226.37543162756	520645.23433364485	603960.2771222322	667638.6459035812	702867.8200522985	737465.334757379
24	car_dgr	17.266406517414605	3220.9281555772836	12575.95087032069	58024.2452918292	159637.35241798585	258407.8277890635	363225.11984833376	474850.43643321365	568388.46713377	643221.8800096984	685744.0477089923	720090.4540852094
25	car_dgr	381.9505961588209	16033.766706077424	41117.222784353005	96566.32578048467	191870.6426183665	343869.58918480825	468281.933761127	594027.1993076479	694664.9960281509	749358.6748381802	775096.144492092	789050.2311769952
26	car_dgr	258.09069642776876	4192.733464761097	17127.1502811011	59554.11517712128	133745.19981026705	213189.55733375298	325511.9135234225	448192.58021298057	524587.9555316531	566936.389241414	587757.1483572221	597660.5488617574
27	car_dgr	71.53403680511339	13286.030173549641	39853.49854818361	102130.69171943639	224937.3623785911	395319.0465057886	516365.3838020619	638721.4511335072	712789.8618296775	756731.4518004617	775682.432642113	786748.3889929004
28	car_dgr	0	1309.8092934859465	10687.486792887586	48281.64335950539	96515.9489036318	179974.2129413304	316393.18071505066	447840.57711686037	574625.0070363337	675082.0404306498	729815.3701103291	756857.9918945499
29	car_dgr	4.9816848946025445	3354.615342753744	14157.599768667042	36581.315220496195	100794.63080886214	234012.7033608783	398104.6296351124	505614.9022189371	613630.4137361527	683662.231666059	722466.6659079205	738494.3035333843
30	car_dgr	67.73928226665487	1879.5487559513836	5327.245642891991	12154.803221256132	29786.906135821013	55668.98787269028	89597.38146295259	148357.1524269841	251037.71641679973	385393.36475746386	461546.8296652789	531060.8966875316
31	car_dgr	0	1101.7384850816093	22739.40965927321	83920.30054741184	188736.9968856717	290865.3399668449	394559.7888024272	505442.0411196383	592402.1007968448	674260.5882757637	713678.9609613951	753634.255745402
32	car_dgr	0	4784.344089502876	11539.750746650649	24315.489228698072	38118.58100091521	58321.832346628195	88691.21368868543	119374.73575783867	162319.21566787938	241617.3719786446	332821.5459515479	456269.5350263657
33	car_dgr	111.76226789770816	7186.164862518808	25637.500780716502	65695.84290856768	174888.80899767575	325532.17045143887	459741.3806768541	589872.8740432457	674153.1345554781	725080.6459670558	748278.6939188577	760822.9013173997
34	car_dgr	0	14342.720663833914	55538.8386138084	103593.67036058968	169619.2946072701	259726.83444016968	361253.4692738613	472242.64337104256	550163.6240473669	637511.5198208183	701791.6677114007	751022.4380661886
35	car_dgr	83.09980174316388	2602.6474540456334	12128.234563521683	51722.02056648947	114978.25571614574	194714.02195746094	339526.76364643726	521750.19690420094	638973.0203431229	712763.348632088	751761.4166293864	762521.9617647831
36	car_dgr	2.263350854329238	4091.4552128192495	28626.355002879973	110791.58689584477	213094.9130774892	317244.7002649975	421812.20046287763	528793.0473363533	622843.925948293	670522.6102749577	707863.4202668425	737292.9250361065
37	car_dgr	0	2957.9703665217994	24393.26731814116	105213.18795466826	211058.2279724667	320607.1420485989	444635.04026057787	564913.7638309989	648822.4161369127	690969.398217325	737025.6061504687	764666.901103144
38	car_dgr	0	1679.5686839735754	20408.209371776054	81805.42825405126	173878.7274679007	267135.64090135216	383356.3366121667	493663.02205441945	599791.8600974161	657855.5645811039	695085.0746987845	728312.8276860231
39	car_dgr	0	2362.432141728672	25404.49938923649	73811.27231181996	148372.24661390038	280428.10747787345	426279.48530428094	552945.9305476423	643151.9682616655	706142.2409621135	750770.3464599577	780187.7121685672
40	car_dgr	0	3710.8955703654615	15142.002187686845	28454.135084782687	56917.705967717455	119248.54575001037	183320.91202658176	281791.03859909205	393007.28692124994	506565.6788029812	609656.1090213095	670906.862751858
41	car_dgr	18.221406877891077	2608.9845847928823	11829.023705620932	39094.12764823126	127558.08620371159	243879.77351223383	391015.7069477001	513412.11421714374	631489.2033839173	699976.2611845917	744709.0389011615	769015.0633350067
42	car_dgr	17.51544412636385	5169.176192203076	19552.565071854577	38477.831413536085	55958.25231707167	104905.14826794944	208743.23001635476	294311.01694001124	380315.5333639435	473588.71739104006	559931.6448769016	628799.4228579019
43	car_dgr	0	5330.296311985007	20634.091365999368	91343.55272533646	202588.4739182511	331815.37260771444	467340.4948454683	561913.2852882138	666468.8424327276	724888.7116656362	758225.0972780761	779196.1618824914
44	car_dgr	0	10668.748327048484	53533.13483737343	115161.70404199626	196965.94373456822	299169.4421655945	411738.487281921	500275.4121520508	574871.9920614758	655029.8967670979	716537.7268604739	756253.7849764599
45	car_dgr	0	3887.0329172077304	16262.223638373598	63979.694316880385	161932.66579141785	291504.7893492048	427760.13944699004	541559.0609379435	633089.5068294479	682114.7113226689	731126.5717355078	762174.1002610584
46	car_dgr	0	3329.7997568733135	14073.525162222806	22226.783439769053	29559.73460768043	35789.03005900357	46302.90597759359	67293.78525085562	113156.56872061103	168888.2872032173	258502.15295832788	342711.7734236605
47	car_dgr	0	33.654212703190865	484.9491830499523	2030.6554664955408	7555.309410504599	13051.754402087827	21087.545696424586	38299.54444948358	66250.93209001048	110882.53929785303	175126.56014261232	259014.0844293619
48	car_dgr	146.7590963240773	6784.561154136952	27125.03719852654	72308.29168172891	153258.62443865457	279479.2908600276	446367.4455966464	559910.809069039	662167.9821541305	704524.5176173375	732092.8542003764	747449.1094695718
49	car_dgr	0	1231.968251508365	29645.268448797175	92612.49374705732	200854.2314365235	374140.657213158	499817.1798021987	617905.1838506912	703669.041250341	750136.120076939	771586.5046463888	786028.8394668839
50	car_dgr	44.943888985158154	2193.3677370895116	3873.6604643786627	10856.981586868811	22173.535425820006	41098.747345007956	74670.22645058676	101152.4822232548	174235.43726881233	293992.19798674714	391047.6879108394	500195.10712985584
51	car_dgr	322.4650495468447	2387.2128156133795	6651.334852097664	16778.62973755161	34744.62795745039	57442.64678947228	97786.78691912159	165571.97522906953	235445.5338772059	325979.3689513152	389389.11914920725	443551.69981222466
52	car_dgr	0	447.88561905986046	12988.741605030466	56420.89858444693	149933.92348266547	274765.96753485716	417413.6115313578	542114.8236058039	654069.4994664388	722595.6086653543	762392.8551261573	776135.9196585785
53	car_dgr	0	2709.6320727834977	31224.28190649304	113304.02186841622	238155.93278937833	363125.7593461935	491306.21589521255	587226.2128503631	683934.7539885642	733040.2080874078	763614.2680973059	781873.7451239784
54	car_dgr	76.04667870474144	3989.329711097189	8492.694101840361	26625.336447495865	77383.47581344743	169993.78534940103	296639.24033428193	430264.364785757	573649.1831893484	662734.1222217092	725108.6402504406	759941.0546772614
55	car_dgr	0	4081.794123399628	23165.19727644163	109108.63003257463	211692.3985762164	313128.2703901268	418845.25367969886	527504.372666987	613649.802010361	669272.3618843866	704826.8919343072	737066.1764294496
56	car_dgr	123.06660110603318	1289.1479955843245	12927.605299658495	38092.32626694677	105874.75390265307	208130.024260555	308383.9836600274	421284.83976330695	527148.6699442802	600168.1650199658	657194.2156022651	689654.2713798779
57	car_dgr	80.78673986962164	6906.777253160661	16425.03563363653	32240.83094038162	53190.94656313502	80617.83480431241	122251.8660410239	209968.3481778148	355487.2309555832	472294.27496806125	579961.0260962446	667479.4299424606
58	car_dgr	34.943478258720944	2488.1823969379934	14828.970459268277	41151.11263556067	81151.76666369208	159197.12500725623	261002.84132329404	376953.8530395757	484853.63852283853	572109.0991064634	640881.8516917784	695302.0494312779
59	car_dgr	41.455575610439496	2744.18099435566	18087.56611508646	42729.46770182678	84805.65108521588	165324.23019072152	266874.6326711516	385054.0768417781	491585.21151134063	576455.0363465326	645774.9488266149	697580.8091737014
60	car_dgr	4.8451913143772805	3355.1652959312564	8435.312076058832	12059.957920973522	20195.510248897976	38759.95758701083	75147.28522748179	148030.70493178462	249769.71359619478	364641.8095037531	474875.67750717216	562609.3558341053
61	car_dgr	44.99961698565134	4470.954280320629	18528.4846275929	63463.70092410771	163678.62170252332	305011.2530978311	438890.07965267723	557689.8748982325	664025.6489622227	719862.1316147335	756360.8982341829	772163.6784938021
62	car_dgr	363.55840961824225	2350.8317298534453	5007.4321596647505	20812.68301243932	38649.00631666448	79356.11089178348	104409.56002877103	149180.5761759941	219338.00480780684	287428.0281695135	348095.59657255857	403147.89160709514
63	car_dgr	59.17267802106159	2714.335790344286	12588.548586956354	28953.781716806552	57059.1646207702	115337.7119387966	253666.78468272914	407184.31998747424	556256.3788045512	653409.1941646081	720282.0111573001	750958.9935794562
64	car_dgr	163.8009587194406	4373.164002751998	10644.08333809559	29946.98926405551	66445.6246182024	108260.39104676653	208100.02825514058	358203.4962623439	478544.9967895604	613840.6956295838	696131.7192246179	746972.1548309532
65	car_dgr	23.88450043267111	3926.467789076047	19323.964005700745	76971.08417684979	216293.422910529	337844.8505201938	486012.9833395156	599332.1683967053	677066.5020243229	724882.0347734164	746065.1124409387	753986.6885195288
66	car_dgr	0	2911.771358783189	11846.377904823614	44827.88425346418	148306.1743533526	294144.4515768595	416937.27087878506	555719.2114495513	646030.7228948678	708472.6949005886	737650.2044102305	749942.9243939774
67	car_dgr	3.5330745178944714	472.1491977420534	11373.993200274535	33444.03958412522	65284.45694973893	114321.8201645915	167905.00195949656	249814.41514667738	344318.6175126312	475581.22527138976	564926.0674173699	642763.7983946932
68	car_dgr	98.53841234207611	2677.4220380904867	8077.354383286383	25688.52321453752	57553.18526989354	126874.34780738648	251572.48880738992	368430.04011118086	441544.0805002705	501098.8075208435	541205.8835792228	577249.0217275376
69	car_dgr	6.253624702293903	405.20123264736833	10159.028739122083	25827.97071554614	46586.97829802998	57102.46691068695	75912.81335064048	126323.01666611084	193690.7020736258	299534.9592465006	412614.7899419129	492876.25807104737
70	car_dgr	0	1305.1269260785086	20756.734458260737	112444.2149445339	254785.27406251832	392235.9592659553	515383.0436074049	609173.0143630723	668063.2972822207	700968.370691627	713399.5975099738	718004.2796115993
71	car_dgr	1.5048893463103432	131.9409599279704	12616.263731428731	43830.087286436865	97012.98634115247	174812.16342575397	327512.5574707209	486268.26786719565	614660.3571584178	703171.5190955683	739422.2821736812	760887.6717940618
72	car_dgr	75.87963511709602	3000.5838241213864	9032.212499863781	12822.969816381197	32485.350385684225	80453.34110885728	140383.44314703235	224834.06147711838	395899.0266887808	506862.5760766819	568663.8895954632	594473.2706479388
73	car_dgr	241.311519175202	9690.842403808727	28814.00432546697	73281.8647490057	191855.11555559182	339993.67404611176	481514.4345749482	601794.8571264615	681663.584510378	728792.251738695	750575.4352982452	761978.971341172
74	car_dgr	3.668974082093785	7191.382752108379	42040.35496225894	115230.6180279796	252545.3438856278	408998.6732563704	534873.4737569217	648100.4647882942	719494.8700674	760582.1930865089	777644.5994959696	788479.725702048
75	car_dgr	8.044392817709642	2896.690560380502	31090.576196339964	82212.76536500567	184301.1345599472	349138.1487569929	471714.8557826552	600884.945038436	697587.1204440905	745812.4374229495	772130.2637987623	788079.7999273103
76	car_dgr	491.8910239146054	2252.85123514177	3485.13523723278	3525.634972138417	4672.71066848106	13821.80913839249	33788.02933286235	55851.1896477901	77599.49094530227	115544.01543754882	165516.4717126733	252769.03640850272
77	car_dgr	57.47239789891519	5943.477492324512	28818.570350104434	71464.4737465261	153238.06108033162	286739.9489870616	452695.019419345	563695.306489582	673580.3938519849	731561.5156993179	763900.3726508531	779099.4421944658
78	car_dgr	87.76727140521173	2157.649520771932	7114.244283033011	15781.00092301461	37667.073193677206	60668.538967011824	95015.95087193557	166623.70502455957	254898.95272415382	364647.6645760136	473322.1213427815	540767.3006795006
79	car_dgr	81.16179189713627	1848.5851401385564	4914.969394217871	16942.343366214034	34546.37490268539	56703.22096872151	81771.07326311941	110845.57454272757	137439.72013624833	216610.61685371393	277351.20342853863	330131.0624451806
80	car_dgr	22.76047475585625	1702.9074207402773	5199.272620683278	12895.824305359843	26068.184195190068	48376.54068153183	87270.62790842688	133130.36516234267	194159.12445052978	229560.49261898914	290252.2390539868	367170.4554997005
81	car_dgr	1.4503171631727863	53.664396366648575	495.88699170584783	2724.336648212584	8428.899167877624	21392.136632729696	40693.78161907165	79281.24432344043	118079.94392238755	211392.9544911563	348603.1686363621	464307.2473094498
82	car_dgr	112.15434887571953	2902.874019616528	12564.862358195056	29376.90302341474	55485.23371758551	111798.3355537213	244252.7742977995	401003.97475110926	551121.6699581956	648691.2047536988	718628.8067947015	750231.1290736984
83	car_dgr	174.10606415057487	7199.601626888943	22696.60003493417	50736.81928096788	139872.63301910597	294937.7192010252	416136.668905729	559508.5750014837	652616.5513601165	712937.9614593098	740609.3639581329	758344.39213693
84	car_dgr	0	3158.2291082880874	12957.153054788687	25068.704759545093	43476.72847337639	68785.82451740089	93073.60144937588	133657.48322451193	182105.15487793062	254802.9762471873	338585.8068584395	465781.15704436775
85	car_dgr	81.89598883714098	2856.904242736353	21279.22248691324	47109.084023774434	114044.64690116719	235490.2405713095	393971.9745767128	511899.8186905415	610388.2687463216	672021.094745366	702210.0834553145	722089.2279375789
86	car_dgr	148.59224617866064	2094.8285419319627	7128.991695225121	21203.531533527424	49374.5003731189	104544.94526717617	211925.46187080123	330171.95297198143	422052.1483489046	479751.87229309545	528208.0573715429	567285.3574611587
87	car_dgr	46.17426742903741	5428.097898901403	19137.365531000512	44349.52371862794	125630.32382696218	233053.321224229	390058.52178525296	530534.5667956705	647010.4288906247	714942.6350437813	760688.7669853657	782507.2721585776
88	car_dgr	0	13528.611506538535	58268.631444794155	115410.85135346086	200838.62928663887	294499.72855987976	402933.22520725767	501867.69560097787	580926.8353694988	664853.3011310481	721907.0964167542	757539.1422785904
89	car_dgr	0	13099.10205024874	35286.33657698273	82772.9515873328	194361.21127223386	365952.2735136932	482323.16458056663	610058.5395533614	702032.6133125754	748106.719982598	770882.880333044	784520.3387507304
90	car_dgr	0	4546.947716300577	27264.525641918295	83853.8414258061	159102.79060255177	280810.3332785563	414682.26023001695	542927.7880151931	625658.6829055884	691600.165729018	733457.984449771	754164.5824234679
91	car_dgr	512.1762433271365	9366.057269273058	67260.92449362576	178428.6871872528	306818.81561709126	454733.5224471127	583063.6202141391	663717.8683243219	727628.3766119719	758273.9216959694	773516.052553849	786702.7742613707
92	car_dgr	8.974723187322644	1076.0349806177383	25170.89582437327	62277.855188133144	123191.40988098939	228409.37846429594	365410.3522864482	499748.3368378473	625295.7385697316	710028.1654415143	749089.9973057831	761877.5325891367
93	car_dgr	324.6201514837488	5352.47367429595	19206.7785629261	55154.76015723435	90575.93621497886	178749.04285671402	315455.55336704623	449358.2096868153	580506.8073102596	681029.4500051778	738445.0853252242	761003.1298547259
94	car_dgr	30.991200332794932	413.2067299222029	8125.2870098999465	17663.283122016943	33171.108443976504	58589.37042569037	84553.207080214	118053.36287034277	171750.39629551244	248948.05106576355	334961.9425735126	461562.36653721606
95	car_dgr	189.57386642173347	5055.860675772284	13545.690626163016	35043.70626561662	89150.19700178194	189249.1148593081	352096.063328622	476507.44024839613	582632.7811764997	659089.5087259797	697227.3607021148	719930.8735447221
96	car_dgr	113.10533036109798	7086.527181555077	27650.801719619274	75301.14767782715	168560.85672668996	323602.49002527766	472035.1817647128	589583.7605331771	675454.7970710977	711461.1489031048	736832.4716228088	752410.579317203
97	car_dgr	297.53865921126857	3545.1598527385518	8660.791452740546	17798.856442391305	39176.50426653678	60642.60373779025	95808.15751481292	166862.60505937904	254854.8834007277	364747.8453149291	472193.591485603	538782.5920976157
98	car_dgr	164.57607412419884	2750.4017152763713	7250.005929216556	14864.18515698382	32163.203045186965	53156.97839949432	80710.83607124665	138562.97312944997	218017.28953894964	306558.67514432676	432752.78909212194	512104.5276280481
99	car_dgr	77.39952011812477	2347.9164338389774	17624.47813568452	39305.1133699223	69685.72541726753	126825.37802337694	203372.99501048084	282074.15987197787	402686.4848653977	479186.74554138706	538893.3408559902	572145.4380337106
100	car_dgr	197.95885493513316	4003.0965763542636	14421.77388691529	52326.25949220448	115171.91667489248	225606.3438807586	402579.45238269004	521112.38123259	642992.5930303256	716136.8067422464	751646.0040295047	771945.6858607333
101	car_dgr	120.04937511644789	5014.895646887173	21231.954281499155	39263.04732009245	64042.25489614796	90163.8503238124	135394.35745034146	200256.57286628342	302184.43036726094	435540.0844430346	523862.00636073673	615586.263807832
102	car_dgr	0	1427.5095016987839	3487.8874393506567	3651.0340187859697	7622.83100060076	25170.741455049352	46529.56324339891	67028.37660084572	96335.74637848884	149518.66543114613	226552.65683539148	352741.77560047334
103	car_dgr	0	556.5157729632099	4571.480046332205	18751.30186353634	41391.70675777648	66600.04908046729	94546.65662637333	133853.58242808716	194048.12311013113	268186.06038257707	352402.56807891955	464255.64578721375
104	car_dgr	77.83481865122178	2741.5721276526415	16502.690856493806	42402.41922780722	70573.85775425135	100937.48156209415	141695.88154748626	209974.00804204374	295174.4817614382	381148.8983164464	506746.1604216348	583143.2145370971
105	car_dgr	7.86521275693677	4354.047361812981	20122.393171091455	41146.04993816767	62413.86670186375	104965.6047102728	175619.17982676264	289103.75068644865	425397.07385687245	534329.7399020119	619378.4608872889	680383.0895256221
106	car_dgr	0	5622.278251041222	15376.186563572117	31297.025979236696	51062.14527962273	71420.50777160464	110573.06423237095	185468.33223389063	309815.2212893294	441049.09030066367	555374.4569947252	644600.3226552333
107	car_dgr	107.73411409547323	6979.521839122718	24010.423038396355	52208.59252370312	138056.53248941142	298675.0694810125	427125.0229524111	570483.2566260316	655635.7617762284	713157.7509205253	740991.7587502938	754369.7053379605
108	car_dgr	254.47917821710598	8877.094189639214	28980.423143019925	76187.57956233411	200520.0221342287	338752.46721391974	486297.5976179002	600897.9766415964	686592.3036504114	729050.1018358909	754443.5141828477	765340.2893862155
109	car_dgr	71.72016082188898	2637.230469910334	20005.874223071998	72492.9079292664	139405.88538200114	243458.82792716433	410093.82208231575	573925.1606795999	675004.9536520153	731655.7628159848	756891.350545456	763882.1210281916
110	car_dgr	0.9397181466945116	2706.7375076539197	12132.390124017313	33063.840676962005	72136.54466259276	118786.05031657191	221701.13098183737	374307.19786308904	490341.69798014127	624674.1666165503	704251.1017806606	750120.1144441868
111	car_dgr	33.91348394476262	3179.963901615602	8772.5135430206	13678.291778128925	37404.11216780418	91684.80201673669	151025.21479109614	252241.77354970895	424441.43772162386	522837.1668940363	573822.7799861508	596563.4280751148
112	car_dgr	157.83241659091516	7965.62307467852	27101.577565204894	76547.32368953609	206178.24383065393	343712.15166930034	487540.7534461921	603779.6603578612	687412.9135766024	733072.330418543	754585.4338206208	764836.766129211
113	car_dgr	58.268676123372884	4059.6123490384475	35756.57029737178	116756.37602745244	265281.87490978127	410295.36271062784	535134.3213228987	639327.0648405362	703371.2588279522	736141.2519173787	756141.7047066463	763429.9581133154
114	car_dgr	21.905517339613866	3502.8054938924406	38432.52563831473	144595.47670301414	285267.39961234323	427323.2156782214	549531.5937197513	653551.5396538704	704452.1015393332	734395.3739224278	745089.6764800783	749982.3975526664
115	car_dgr	20.851236299704485	1887.7311236298128	14583.312817818325	59537.53591773605	124281.37718124707	212213.21561120873	363481.7319074274	542260.5783670845	653155.2741548787	719292.0588421929	755100.8748953072	763280.5663011275
116	car_dgr	10.644252422100026	1108.5368740450745	4274.118261867095	13331.371066606169	38969.90396262281	77406.87088945009	130047.59046860578	215903.33994792937	381614.84301617666	514090.5890498777	610671.6761976767	686408.4752692992
117	car_dgr	78.15365503452112	1481.3982154654652	6514.431491716868	33491.328788222636	87885.0881437601	175336.64356881366	317763.6076412147	457796.0814575249	586184.5160040951	684306.1614253146	736756.0189554611	761025.0687890508
118	car_dgr	198.33466336891703	5653.3767020503765	19785.825060016014	63846.89431262466	144443.78015864865	284677.2725396665	445543.20089132426	557188.8339220369	650811.260207376	692353.1886927038	717921.0215245474	730444.684541443
119	car_dgr	0	2217.646745656446	19125.704362872275	56907.542573685736	133390.88383476154	275463.15018035803	415666.00083756	555638.2781720079	670524.813537515	739118.6492369864	761252.7601548022	770009.604866448
120	car_dgr	97.71626702348298	4300.696272764395	20557.292614282374	75292.97539555054	207090.34502908745	327174.8969019325	480622.20615673397	596888.2003726903	681758.9553873336	728284.277912997	756254.3803124769	766041.8027061261
121	car_dgr	9.848994172186043	2568.899104629303	23717.19973302988	57979.24178116075	121216.23819624896	230287.24232573042	348731.5617038006	455616.4170426185	555251.7927480077	629097.0829021509	702155.7609967585	742527.9910777851
122	car_dgr	56.75234027129034	2695.265246377716	14048.302060912161	43901.904544444784	142844.49739453458	286742.54515920393	401208.6492578283	515526.67524590704	615817.4879593279	671442.5797179358	698922.8817384546	710520.8188943312
123	car_dgr	146.01884645531163	6220.235385690431	20112.710347094722	45427.13309215251	96247.45711726022	205004.31150854344	410079.65949179075	560253.1616376756	657712.9567434222	708952.6566194372	736765.9672704458	755759.8987498927
124	car_dgr	5.854555847336513	1539.7278555179437	9948.702903132318	31230.870085709143	62096.91665841864	115161.51371781343	194721.09024255784	292658.8320616828	410812.9772990882	543264.6079171341	629002.9114248778	697604.8984829778
125	car_dgr	69.36529221939423	1380.3165108179144	19041.156312001363	65812.68491728109	141385.3077757315	257175.19926911534	411739.4934487637	538251.6839406999	649557.9483237122	719870.515142371	752374.1491873561	767654.0249054723
126	car_dgr	0	1125.625674385144	9647.65067667123	23349.98594272581	53248.09689016251	80328.3183746542	120424.35556939403	174448.6945245999	263921.36091818736	361211.2388302068	497289.718973217	584343.0139418249
127	car_dgr	219.03068984741236	5335.57577678085	15633.167583107868	35550.634267942754	77857.74925502612	149639.31677205398	233580.77259502903	319482.040772093	425141.98327853397	487800.0660561898	530883.8855672341	548602.3556891343
128	car_dgr	45.17767759651158	2075.852053776978	21467.329011564238	72471.7366362927	151303.79518662993	264026.6804782235	419514.0519422454	542115.4120298777	653064.3025195178	722679.2688033229	754888.9035375133	768100.8741620323
129	car_dgr	5.893080656458876	1883.8383208033338	7564.153891549979	19888.712788866684	47848.23631323547	94343.14661087356	182871.6154443153	284988.42563616874	402797.0996460859	506490.38231692463	588212.2489551514	658446.8466164689
130	car_dgr	123.22369651227913	10156.858583829491	26014.92533325175	68212.05979743619	165439.40022210332	266518.1034158883	361657.93873424595	463160.37395322137	556049.5825425367	634935.0080996035	674080.0704017627	709545.430944013
131	car_dgr	166.58282079429918	4773.537336866644	16439.50382002705	35800.368094832964	56406.50864706701	113375.78257546376	212561.4414608881	304990.364758012	375196.3142815506	459060.78942633764	543391.4662728596	616651.2421244541
132	car_dgr	6.217052346701831	8272.48052254813	31211.21938032586	85839.77615233966	172842.37180689356	294892.6588505059	422364.1209318998	546446.4861252011	622321.2279685859	691380.8579293593	728354.3936249038	753150.1993590546
133	car_dgr	0	515.8271670108751	19554.371544251557	56278.28872438512	138930.87178442616	294086.43232547847	435327.4071128545	565809.2343471119	672161.2098286762	731747.9326503696	767127.4605142056	784734.8636246496
134	car_dgr	1.480250558738531	1.9482007353720023	10322.619246010787	53906.52029937306	159191.5815590855	289548.31350363186	432288.064622692	538575.8268144937	644324.0853075747	717423.7290141687	754141.8610136376	777608.8279903719
135	car_dgr	29.238585829648237	4295.426985548252	14237.745942697311	36503.610786785095	90200.349961210115	190587.72614935687	356072.32758936565	492635.49698808347	606906.4835868547	680773.9897180481	718845.2309608053	742886.4683315329
136	car_dgr	40.84104732527454	2326.5079699324024	7073.764252786962	19541.87406646464	44963.2827632764	71403.88677205311	114160.03933586145	190810.3930230171	300033.2194620917	417807.2234665844	494219.5293526543	555084.7379805176
137	car_dgr	4.155585575475007	6503.728887739845	41379.06273971547	115858.41253627629	259832.30181170578	411453.3200607152	534478.8795138551	654463.9097327943	721262.9804239959	760529.0514939219	777382.4893017499	788333.860809245
138	car_dgr	3.3039470501307457	2882.823378204092	36929.2887333848	105736.33554716893	228736.1059974801	395320.175051177	522798.96057383664	636864.9104038225	711834.5981946044	757093.3723713816	774561.6631893709	786619.1839325002
139	car_dgr	0.9550003604764716	5302.066501329323	20899.192455941087	39555.602190873666	84908.43746771345	194558.48027433612	296080.6046416894	388393.2066130853	495617.1982421043	583618.4934929273	656668.8740147699	695809.1759429863
140	car_dgr	0	4981.3296302633	11515.690396737044	18701.12265896562	24211.016338741832	31660.448900620526	37451.51378652822	53306.830871310005	78906.44638419544	127427.84964623248	198913.15253635313	288133.6193759318
141	car_dgr	107.57895895545836	1462.9322351740434	8741.118958220899	21619.969467009894	44057.4307370949	72322.16382596709	116850.72282646847	186028.72479470467	271630.2001433883	393393.5823347806	476069.98934248736	545869.0086469185
142	car_dgr	51.788890923856535	378.3830153118519	2233.424243910679	3486.021864621623	3515.241162791712	3527.204438338123	4508.418899423397	12654.444550780625	32635.80075259731	53719.24630666561	75382.48294858247	110959.4133852754
143	car_dgr	0	302.88286672558235	6482.778637270458	23642.107015464102	47452.52453965448	69403.8960040969	113849.46909080583	184580.32099464934	281365.9966286188	430852.0262883818	533270.6456343639	624107.3429214486
144	car_dgr	0	5470.412691789899	20084.6327986986	43038.08199344279	84656.32691742429	151388.78637973953	248593.92923723205	357327.1822043695	512362.45346649265	606157.8119391135	683096.3267372932	733062.9907978965
145	car_dgr	35.04276526138063	4353.779531842795	22125.030488339624	44147.340220648446	81799.66598620881	145772.13262893277	236822.7861222556	345545.252599058	497588.44742625084	592256.5723070991	671953.110985477	725724.7895335403
146	car_dgr	208.03467710424692	3783.758467770059	15568.704969183364	33218.1150866692	66303.42927660658	127748.77627103952	217724.25758087655	332570.23111058807	481637.1290689953	582779.0241976826	666181.6241280724	721537.6742934029
147	car_dgr	0	2766.3877442066146	11027.035812288443	48299.227891735994	127452.87392719854	236153.74626242882	338077.75360104727	448196.36553636903	550583.172858442	639637.5858492254	683412.0364004398	723183.1764344588
148	car_dgr	42.541105552853445	2475.813088290049	12983.827917838777	31471.73105343521	70047.3759856164	164060.4323298562	297456.53675726306	451818.8827047976	558989.1917771958	644207.0939552311	687842.6933564054	714898.1611609753
149	car_dgr	0	2073.0298195233786	7942.992522105697	43474.69104064868	163516.56050977742	295375.35520466417	449638.8347314541	573237.3719933932	665955.0946936688	731553.8830854382	768482.3632172818	781815.3617504637
150	car_dgr	0	1859.4621018765285	12608.545059248294	44325.73851396466	121837.95635059921	221567.16636049666	317452.95679265005	415725.0302441698	522300.8252556737	608635.80920627655	662155.8863792004	704566.9597588152
151	car_dgr	7.573152858578419	7153.678500242735	65253.827677793655	152445.00833509432	272747.80501765135	418558.74664878735	556087.8350320217	637137.7736288646	700233.2983374072	736392.6018785865	763273.1130894662	778218.748813451
152	car_dgr	170.54924292785728	4082.6258381880334	29638.55175303524	102939.94927958782	241524.43764267728	403251.7392330188	526926.7506158524	643657.3221237607	718199.898286597	758922.3350447136	777446.3240090377	788347.3146677061
153	car_dgr	0	6835.1263710357935	24866.191780756373	45649.33703081206	80571.69851954584	127458.8358969031	213577.03159773417	358814.08225510066	475412.73661733116	577487.1657969676	656553.4014756753	698276.7487513873
154	car_dgr	0	3988.7786556128935	9783.462992886794	16744.317370345725	22690.51251480922	30049.105442399392	36501.75637803077	47561.6442027196	69688.7160548513	117531.88081136468	177429.25864590218	268591.08454441867
156	car_dgr	377.66318292905066	6276.782576714577	32380.849899743196	58520.06833261529	103533.9465220868	206495.84148959757	334581.6865975086	450374.27729384374	554851.1119680087	627896.9369284101	699290.8655099673	747877.7153216667
157	car_dgr	41.30611404296358	3383.5787233396463	15304.453812842241	50266.149313731905	138880.85018110622	302780.00626996224	434175.83062404004	563774.1393144393	666128.1966170224	730549.9791400923	767027.8708028116	786208.8132050186
158	car_dgr	43.04219001672871	10513.072668227001	35320.97748589825	72918.278750936	167444.3798640652	311758.2124936334	439839.5903015904	565600.1755853255	675113.0252722548	738615.3568919878	770667.2234949167	786798.8165196166
159	car_dgr	110.2783237352187	3124.4805762196615	20384.009505865688	46055.24041306866	117111.57568692019	262526.5667723516	413211.0873318801	523048.8745062124	623660.0888615459	688181.5724279145	724793.2604453746	739096.5553453874
160	car_dgr	26.565846400984423	2209.1317092194363	9015.457335564726	38202.55747401383	94293.51482164858	186548.58929375414	283063.2087975586	395711.78913645825	491658.0297416137	560038.5432715478	607212.103056885	639092.2431278888
161	car_dgr	229.15257415221154	6473.807036050926	14755.939998005413	30848.564980347423	66686.45102097977	147248.71908928922	284237.7563216859	392026.6851988066	478881.3916282759	531616.951422958	563539.3512066625	591175.1734287441
162	car_dgr	0	6006.3983671879305	16993.16256778062	58679.07006652214	140021.21455094838	274819.17936585186	428319.02836421476	537558.1322920285	642634.2108399721	714280.6169696379	751619.9025127366	775561.9391712007
163	car_dgr	241.4216250569621	6791.438730751942	16131.394622568063	41572.065135413744	86622.74274039897	159177.34417651728	238973.495824092	340236.3772147693	434489.65894227603	496888.31529589486	534478.8473130894	550704.0826788853
164	car_dgr	0	6990.583538680563	22876.589215718734	51724.09322467898	129740.47457494309	228446.49296448173	317609.0678900259	411801.3064961927	521355.4988666851	601913.8954911509	661755.9554835323	691055.3645920759
165	car_dgr	0	3845.8563408142045	17341.133855256845	92086.47375570919	203064.21258341376	304024.28981735936	409425.3028128071	519157.30326990486	604844.4728949752	665423.615536355	701067.8540962657	735028.8400524092
166	car_dgr	0	5516.8365323968765	25974.1475542571	83687.93357434147	172705.6023859058	264088.155987258	363490.3327018779	457667.67128990946	552087.5323209686	606112.42328159	659438.2206984956	703778.7059541175
167	car_dgr	447.5609189372984	10126.967072546577	43362.71380230263	106190.61567955554	182841.90985086246	282071.8635694827	394019.0481772531	496441.0938462134	582812.2118039462	667319.3611044637	726352.7771845581	759692.7681512237
168	car_dgr	0	5072.637214728456	10444.978135288406	50244.804801317805	150698.95936906183	263857.3016740476	398927.9037992039	513598.2656276961	612823.8687868265	702023.1708358802	742934.7501945711	770131.3057983496
169	car_dgr	0	1626.4238828584864	13755.864532262098	57898.13444829526	117722.12698631057	208839.14754195703	351344.95132003416	475885.15078352916	592249.0065474166	670729.2789597062	711522.3029799503	732061.9251321914
170	car_dgr	192.20730763439443	4486.871820422838	11864.844427530761	23960.975711823932	41460.172831365664	77278.5004978081	131643.58983724893	219815.82250582147	354655.4550616607	436471.8364478966	497935.596201009	534305.7337005825
171	car_dgr	160.41843373748324	4868.124944205409	19443.025490381468	40903.21384980364	84906.73426999184	196837.75971364466	355225.6700321448	499093.2924741534	620045.9281562695	701911.1893940769	742621.9576288831	760794.001029096
172	car_dgr	72.62235046692408	2174.490080267608	12945.151257599824	29181.12360551449	56484.81167100322	117128.4033165001	239890.07399811072	359688.77135775506	463309.56399253145	525863.2962876268	565348.8451411185	590218.7382860696
173	car_dgr	16.311406156938137	6985.903332256805	27287.82842342648	103190.03509121505	215790.8363812604	356359.10252746823	486841.55516577413	602652.9132582354	685722.2419015644	739217.4738755717	766572.1649447295	777498.3041334546
174	car_dgr	0.8595003244288245	4639.783301342494	18122.671081809003	59896.07387359949	143719.0066179546	267415.4326380975	424514.8225015929	548988.5475966568	665910.2440431777	725417.109233603	765438.0185871955	783190.7118675876
175	car_dgr	92.01428473190805	3418.86309049135	19152.349489893146	64568.94450443455	133917.27048415306	210597.38018816625	280722.9468127944	359846.62078499014	438287.65068430937	506452.50070215785	592589.0655800196	653702.8827615903
176	car_dgr	0	5572.0451032360215	14982.437205302684	22239.76189466793	27839.22505825323	38874.07277349037	44624.764709075265	60202.057520297145	100993.10899694801	155314.6618068851	230844.05216931395	321524.5968152407
177	car_dgr	134.7388512825798	2289.4019230383246	6613.1306793386	18236.17875245026	52054.77917241134	97370.09084117277	150679.15308519878	204100.88909702553	267522.08957328746	312755.47303268564	347774.76960800047	368458.7348914407
178	car_dgr	348.1221950301783	3273.3093130803604	9702.26040620641	22188.052960906014	42398.55612079529	116072.29568305226	236555.54932728512	351957.1294870587	475294.7240247132	561475.8085252012	605824.0352592221	620332.3847177
179	car_dgr	116.82978039153467	7545.946430961195	28597.75051764301	76057.72783356275	169196.20998743398	323716.33928189485	472452.4982997957	589759.3516268866	675527.0177465595	711470.1171823217	736837.8781363615	752409.0241104731
180	car_dgr	4.7716447251627905	265.26618441750975	7825.761010112697	27398.804044942466	50627.14379038896	93168.44587580212	155222.16266730943	271593.5789911093	415632.5304186866	529671.6525374308	635887.9739454329	704920.4387065899
181	car_dgr	1.480250558738531	3065.675307176336	18835.56696309061	73569.59912334698	168443.03269715075	299851.07117540913	436296.64657619956	540946.4111375647	641653.1015401784	714327.612066913	752115.870753754	775730.4141134495
182	car_dgr	71.0050533224657	3367.2645035712203	17875.369408026345	64049.63173387845	197041.31988935743	322001.85079673136	462651.4433861963	587995.0110802499	667489.715304608	720283.6636023287	743188.2540843174	752199.5463540424
183	car_dgr	27.347268326795948	406.5982219971988	983.4523962557093	4929.569965156417	14798.59562507382	29565.734836934946	60500.34718935766	96823.44332613067	162825.17335428388	275073.08223058336	410804.36648010387	534036.428937251
184	car_dgr	15.547574502018621	4697.461422878229	16525.20971677143	77568.93607206306	186095.73596435066	358297.1133343542	478548.9479494985	601370.1020605682	681944.0794139677	726911.1629425063	747789.8315043128	759736.0520759921
185	car_dgr	180.90361001954605	3312.4709316426474	11019.475593427733	25847.704820558392	57740.53864862793	86927.5059742593	127339.10471841614	196138.21024805447	270365.584208019	326386.3542447673	388088.2184866989	431396.8161218599
186	car_dgr	2.8011724990238935	6645.486392667884	36248.69395038063	108251.39652343215	242853.3808924073	402269.3463205525	523346.6214239799	646295.5242709965	717906.0395593414	759359.5649223689	776456.2595151872	787871.4388631642
187	car_dgr	239.14939973038327	5298.494034330444	17310.878015178187	49146.2842620745	85080.83960719177	164325.00452142794	292291.695847799	433022.71675333095	564370.8022812773	673811.3307407184	732906.701320553	759976.5319164706
188	car_dgr	73.87389183915882	3099.988338655342	30189.230792969985	92358.66791992621	186048.71552671594	319236.2654847752	416997.07818186586	518395.9495861855	601486.6776550873	637054.9947600836	651005.5271733898	660334.0670488272
189	car_dgr	0	4009.540363449652	14933.799036943616	27487.068675327533	36125.76318610757	56053.07765791417	97858.45562053817	159222.94707772296	231801.08289583356	319561.2161521415	398479.3243223075	489910.7947320053
190	car_dgr	67.81761022676503	4737.956339628736	14571.701872059739	33451.6210128706	55118.2469613748	125909.23742165467	222743.78650549866	314034.73805726366	386205.84459905484	472898.2483721838	550715.1083999346	618518.7090852701
191	car_dgr	1.4421447381122952	2971.512668860296	15700.705760415134	33798.21017395048	69324.61566474513	133521.20050432972	231666.73604250973	346886.4900616254	457169.4465958746	548698.2410461997	621742.7150180213	684098.2122777078
192	car_dgr	204.43901237906354	6420.2737134991485	21466.155538778807	54004.504365963236	142729.87123980452	297597.38909567095	428923.9038367835	569719.7964165964	668770.851622258	717972.3449028485	742443.2172144813	755025.2609166942
193	car_dgr	343.7380577460992	8219.631944111745	26920.56813799019	59751.614254042586	158287.75422478226	314376.7286176038	443182.23468868854	582089.4600467801	667422.053733121	727855.9024016416	750426.7750364251	764697.915434454
194	car_dgr	177.71214440295958	7503.369334311772	24808.48159689265	66404.86575803546	183840.38447767083	327204.97363714117	471159.2518337423	592235.4862755878	677743.1804337129	728703.8535723953	752217.0562312701	762432.8869899247
195	car_dgr	92.26739394681968	1987.8191183199465	19344.871242571167	68313.61548112842	146524.0149329326	254915.70354948155	423542.6770386743	555262.0596849734	668165.8242438949	735708.6839416669	763664.3270745537	777134.0845012863
196	car_dgr	4.33533076371214	557.5681975247068	12139.359952559844	55725.00084748742	129769.35013273555	242078.8906752132	387987.86232481175	512423.0257832854	635729.5557152485	714651.4783247157	750203.0236822929	767607.9820242092
197	car_dgr	2.579619888815142	2165.5415202333106	7411.485161205581	37071.691980340016	104996.07476317299	195996.82764580433	341578.20000064024	501941.7299927107	617530.6624935331	705968.3689198674	752456.0642551329	774972.1939785945
198	car_dgr	157.87604722804386	9147.64283415444	57820.44489823199	158480.96592110943	323602.9103372748	447418.74627366813	563263.3598988265	652907.4467539685	702808.2030791284	730990.1855224965	744281.3891329165	749768.691055897
199	car_dgr	3.2423828193829682	1003.5868804288099	24879.525397189027	70234.32342549384	168603.153863258	332946.11447761394	458998.05072684726	590894.047468978	688796.9813109611	740724.8841987813	771042.1006036204	787436.0753468415
200	car_dgr	2.4204866988001275	2346.0388379078136	19738.303300210784	56251.33478643756	115186.0496940234	234410.18459393323	408855.014463642	569337.3662164892	680802.5900519656	722450.6329704372	748326.894835342	762641.1035562786
201	car_dgr	0	69.62887241278538	464.8614197826614	2422.0232531307247	7735.385860861471	20504.999119852728	38954.61024373197	76712.21675656045	114798.28077926555	205062.68612469686	337353.1171126874	457017.7999928163
202	car_dgr	79.20409428750808	2028.477694822767	8909.700610048798	24856.264183897852	43957.15408057789	80084.80084169391	120664.22820153472	213253.25795442107	343607.3486254589	452533.48420175374	577194.5820860944	653951.9944265864
203	car_dgr	0.4966001874477653	4918.060856381734	13191.696929366042	26379.373307214475	47670.733893896824	88973.03100471068	157644.87306556228	235214.04085657178	305255.85270581924	395484.11484479456	470391.4633244078	552305.6970294401
204	car_dgr	1.1873467296290983	803.9711220009711	8249.880756388115	22339.64640026012	50838.10288672105	76576.13861840761	111711.81585073189	158149.39076049763	240945.96427825536	324431.72390929156	446193.0487711915	540557.4251049891
205	car_dgr	86.14303984140767	2604.200731872048	6084.572427506981	12564.639779803354	23687.814264430504	39060.44404048296	63743.826125266496	110779.77748597473	165798.4667499806	226530.0482013829	310261.38143708196	408097.89316269755
206	car_dgr	159.14272648070678	5467.165688114937	12804.165487542987	26536.098500827746	57896.168849156966	125361.68113390934	247404.76074817858	333737.54026566626	388337.37293787306	415430.02760034596	438323.744739634	463052.2694869605
207	car_dgr	13.427479233254033	1548.4159232906597	2569.465875697567	3489.549939078001	3563.643174838735	7037.974571538736	24072.805603552355	44581.078397325866	65659.4741398655	93071.72208660426	138766.55032009474	206181.8708484333
208	car_dgr	113.1758658575809	7497.649403723444	29936.033789383153	72601.01667070275	166219.09786329034	314356.0198889286	464329.22074873873	581376.8388769256	668166.671510096	709798.9645107833	736390.906411272	751487.2852435986
209	car_dgr	113.10584891845541	8656.53272282599	19921.428753742635	49878.84485525332	96763.753269142	178366.5646901805	275844.7192861621	418199.17918050365	546121.7325386984	637056.2056739909	702002.8022348513	742409.7298313039
210	car_dgr	24.86734921670983	1479.5964382245677	3105.424776822141	7305.302820595721	13264.985159043665	29650.85775976414	59714.23609595631	136759.54547317582	233049.6582088198	314896.7376239991	375086.85794610094	429678.7099203519
211	car_dgr	541.2892190900758	16706.690010119128	38890.82271736928	76742.44599654006	176673.10519183346	338893.4227382834	464802.71540556994	594829.1098263959	688282.6779556386	739439.2062091638	767729.5953692648	783142.1941569366
212	car_dgr	61.6174260492673	3053.8199610756315	8507.959523089745	18824.850094192778	44417.27506420289	61363.41288863265	91495.93216507003	129708.18456694603	172078.4328263385	246065.5487861798	345366.0903863457	407578.6912175577
213	car_dgr	100.90770050315565	2117.1605347441377	3954.499104430844	16011.558148657048	32783.60309111911	68476.1234381311	96215.81611955192	130305.82622677981	196652.84025191586	272328.03301322454	328906.73478162196	388545.72033571615
214	car_dgr	32.34178373880214	2013.8820007888196	5362.641682306084	13075.674086860314	20820.873095156378	36108.00537947342	59746.32834862534	104988.79774231749	149779.49694633635	206295.66742437027	296756.0350098287	392803.9729223875
215	car_dgr	127.18990929465322	4614.014312820304	17345.573871619956	44622.566300785016	83982.43945633886	138880.24072430158	215608.8992152491	303775.2335846935	438248.760960362	514292.1808315984	580759.1411260788	619322.534087369
216	car_dgr	32.4522649908353	5435.354105104867	20791.999948684163	47143.99289541622	113519.1351509621	269714.11451966997	407400.66097434924	551578.9862005156	645327.2723064767	708570.9188054635	737175.3375470025	752642.5119677637
217	car_dgr	165.39625337886625	3105.0654221195473	9592.020820518277	21396.665109084694	41082.2376211607	114499.17484939439	252053.53769461185	373646.35440189927	516369.21175409004	622811.508391648	702804.2172873343	742464.177698617
218	car_dgr	0	3939.444634062603	11297.648707462651	26189.85277376314	49965.755034299	95323.2618605337	145265.79341330784	223222.70276339073	308293.30300981464	440021.38491356384	539336.286960892	619522.9271375359
219	car_dgr	201.2663259704164	6680.762321734786	25880.557518930407	70085.55675281667	139039.7860588752	236277.34438086	339438.2665344034	442907.9322684534	519514.07587967184	592808.8933388394	669666.299823696	724627.5430444332
220	car_dgr	0	3046.2887998586634	14115.98381383825	61765.545115871704	123853.79990699653	204285.82160943418	316839.6860848413	431052.4386769025	550529.9864477556	634484.9168391966	696735.3425346289	739777.9856220324
221	car_dgr	132.71640009541528	13890.06004297167	58794.12788117568	120352.62294993116	227811.2856729003	339309.678648967	447173.7962690263	521338.16167196445	596175.5326785668	661646.4684263481	719551.2662700709	750938.1703260171
222	car_dgr	31.60096192816645	715.6963701482774	2665.291406046575	9123.40291475356	15538.161865927063	25425.712127444196	46153.6251565191	79081.66379589625	131105.45734582513	199560.1198867256	281861.5359881677	349746.64324251417
223	car_dgr	175.6022928452695	1544.0995299933309	15977.29740267465	49129.12519548578	128089.06324516167	227779.36764108465	331393.8690741348	447992.8754682548	545541.9731160419	614468.5920443861	667090.9479651976	696792.1236878006
224	car_dgr	403.87258569639374	9335.63377935777	27847.31164586024	57579.8541277549	100063.11178764979	180328.3490305823	276725.92182849185	400832.97268467944	536414.749561994	629882.2609046705	699979.0212784148	744201.0494086142
225	car_dgr	0.9435165976516943	595.5603980098525	5179.465508152999	21326.409550570697	44852.174474810585	71053.2217242555	98002.01870095269	141258.28417516494	203338.99381267186	277944.5695278314	359178.2402047409	474418.4247413683
226	car_dgr	226.17514594557264	5380.1493367070225	13065.175923166546	22265.87344897761	36868.69961063771	72059.63823492601	134803.25935166067	230531.1645627758	363950.30165689095	457045.6721556781	509941.84211453446	539486.2251701085
227	car_dgr	85.79253120924237	1475.0012015400403	6095.085930648208	17947.17705139798	35463.17731633748	72408.02236599245	100731.15816190933	171503.84920799814	288539.8699822995	389954.9279353503	501706.18953422253	573286.226645081
228	car_dgr	5.562400943474401	2753.525344060723	10134.815289128055	29927.34362633135	49920.60313961692	84024.47264441269	153478.40713175258	222700.92720257727	305776.5136059858	381045.43467450776	433343.372678577	467753.4469933399
229	car_dgr	42.51527071479285	3683.3140825052883	8376.574405627289	14892.962026266448	30232.29967933113	51997.416972015875	87150.64510556129	148228.75593655973	189951.88109400804	235470.09604668387	319454.46075422683	402405.69764927594
230	car_dgr	0	6024.20825224229	21442.193125115642	42533.087977386815	68850.76240842872	114143.53443630923	188920.53707158382	319813.3415713486	445929.80002292746	554955.5970940737	632706.8031535791	687135.9658622796
231	car_dgr	87.0640671348178	5749.928345216467	20125.494601359907	41819.67205760863	53959.803209636506	66220.68077847674	93411.41735693597	135769.87105327402	204177.3516149121	295766.0988102834	402511.1967617784	482627.69344667264
232	car_dgr	5.951617607307169	2094.1136268434298	15692.56416888466	26877.68386627241	54493.86607890656	99171.42578373858	164685.74239470225	284385.2551203514	426096.6814774417	540228.1047604866	644058.4821642018	708360.53775384
233	car_dgr	69.22507575247016	895.5373137116803	1962.7796504956666	16912.313280854836	38814.796744544605	66151.11068349711	104858.82249952575	175982.82449222362	311359.91723077465	442907.60614807863	556038.5025181234	656955.612217173
234	car_dgr	77.52752063433424	3368.4118242343916	9026.433830736016	12689.581074649323	31423.500463685843	78586.83837362453	138759.71222705918	221744.69426508714	393904.0801384003	505597.21683646523	567774.3896186422	594162.3454490185
235	car_dgr	109.44157015151447	3312.995683178844	7522.343670876528	11702.458531722565	22452.134146590844	63532.90319522097	124888.93877116236	191178.50749942704	346174.17591802106	486387.4082303115	555934.1663971844	589424.5111182762
236	car_dgr	79.63695748552644	6671.709869710385	27936.346975567587	75912.68059239529	167824.3279301942	320666.27934633906	469457.2620381386	587769.76833872	674869.1999189558	711192.3464763524	736605.5819432578	752235.618529427
237	car_dgr	6.0089512400747225	4841.494093121588	21195.047410911728	73617.98273525131	202906.39470263358	321575.9161854013	439635.98219269403	522502.3813663586	576742.7918071238	599515.1741106746	613109.5348729378	619713.0266193332
238	car_dgr	42.44758279784005	6668.800502870852	23039.59621412986	48861.20741058395	132543.41611705237	293600.4008689344	419871.07996636553	565526.6341963455	657107.7220330496	718259.6124873749	747011.7525433177	763113.4262195801
239	car_dgr	7.896671860475438	3043.715464010504	22232.546743955114	99159.75499401946	251198.2793995043	378566.08923952165	509568.5204704997	627257.522073068	702703.0342168623	746995.8145369422	763627.8965247102	772292.8642123383
240	car_dgr	55.47972976940253	5734.798975791598	45973.62860975326	139645.29484927357	299390.52446968475	433814.50037278404	555843.6313303689	660572.5694021196	721385.5767616706	758192.2205223575	781253.6903000162	789645.7515445983
241	car_dgr	76.97590359463562	3443.7090859395735	19691.51015053612	85239.77033564844	229785.46836795827	360904.0642456826	493340.0406711619	607683.5428390612	682018.1481819196	723643.8999686323	740666.6860632458	748301.4990288377
242	car_dgr	35.318865321392266	2443.40895815374	11528.161684683586	26981.177051324794	52140.58271773268	100458.9699360755	226555.91847465702	383984.8248156275	534747.0058995968	636759.7552279984	713191.2110494372	747535.737216896
243	car_dgr	89.2793849484061	6582.227615525968	26265.67090991566	76904.89918071624	170971.4378656444	328094.6358226009	474165.1928747484	591735.1834399435	676317.6008542409	711852.2051951005	737187.1138407178	752816.4406026781
244	car_dgr	111.39868321853932	2656.3506584795664	11812.228546765678	26967.77139985157	51497.109430106095	100576.18071081123	213337.9620486034	343439.66385279933	448554.3626577442	517288.8146448427	559688.5073806148	586687.6294808922
245	car_dgr	12.581565854935848	1143.7256140811937	5280.428266110958	19054.165712250135	47931.329554561875	103831.64862897222	227644.09518027544	386920.9190841711	563097.140180267	663873.7073966601	720439.5810911104	744183.7636030952
246	car_dgr	45.23923605278007	3834.2139362895377	16500.41481640614	40190.08409163935	94438.50308647375	233928.57323397594	379086.2815439706	523630.0446651431	634557.0984538216	703650.8949226897	738186.018414129	757525.4082449592
247	car_dgr	164.6648509456414	6924.475654689247	22386.350280206327	49105.606327064575	137863.00984096673	293190.6128934349	414157.954159884	557585.9596494612	651910.7990441453	712744.021906249	740399.707845503	758002.4554023074
248	car_dgr	114.26641174724435	2799.3126925138486	20485.554868981868	72600.19346870536	139250.16370600375	242859.55688711247	405208.0508963132	571885.2819474691	672117.8780447014	730664.2129348591	756865.2026355863	763924.1983440743
249	car_dgr	81.20390237509851	5538.3948257225975	21723.291890119497	54048.739111597046	153672.74369178578	305128.655378023	438743.22506504663	572122.5363715068	663848.4600199336	721707.0662752738	747890.3683857193	760779.3854055495
250	car_dgr	17.547300308328097	3913.6832964984965	26823.095978086767	72772.72748756212	160375.88488874558	302089.12234241643	435831.7291792411	572821.7389323752	677879.5721381678	738086.3820222751	761137.4744094434	771342.1427408763
251	car_dgr	0	5245.314661470347	20678.791111357263	58999.44635321866	165666.98464363266	316766.5898953262	453473.7183838511	582093.9229874099	671061.2329460201	724730.9028491193	748620.4701078472	761236.534194362
252	car_dgr	0.8641295098218199	3734.12759330269	17902.017983877973	56114.11369261679	132027.69220335843	249391.46139067019	369893.7339268071	478574.87287082063	575816.1866987807	645416.178828743	714730.4153404919	748482.3062663618
253	car_dgr	0	6800.369220151049	23898.84516925913	70603.25148762274	157040.8759836162	254019.69613297013	365233.8294741813	480494.02710412076	568544.8698038895	647981.1988456134	703754.6816674359	743284.0413974967
254	car_dgr	137.26883540654143	2628.229149657607	18588.1482012365	69229.66660004258	133507.79426071237	233746.36318966554	391063.70424507343	561620.5111466645	665999.9876677372	728080.7355135285	756210.336945765	763297.1833073999
255	car_dgr	251.7826411471983	5702.628199583656	21336.113125444495	67787.1676366296	145224.439225922	287869.119365116	443556.2004980854	557650.3472846736	650371.6162650972	692855.8109402113	718461.9117774299	731550.9893274169
256	car_dgr	0	2227.1646970325373	10108.483079216383	29177.094966871256	62486.75324628421	95855.57495312499	141756.9259088874	212043.13748238483	297460.81340325513	400236.3244505355	516204.76618769096	599493.2757112554
257	car_dgr	99.6638288019945	3404.812279930444	20426.336077334614	43677.841728925254	63499.86942495358	107855.61575432976	179332.84435634603	290309.0815222269	429803.8866322076	541964.1962389355	628284.1437384352	692171.1319876567
258	car_dgr	0.5087994645166113	2410.626133554434	29752.67953427956	130162.84044024377	268988.08647141134	402725.3893261307	530047.1568980566	612839.0913960539	670512.6863241674	700420.2913028431	712782.6740753147	717895.5528205591
259	car_dgr	360.65174454388205	9494.34003297699	28492.242264199933	56330.76674872588	97248.78000483727	172401.6429907586	270889.1524961129	388375.70230655523	528098.3495763937	619084.9363576547	691033.443116334	736708.8100119338
260	car_dgr	314.9029806321144	4061.829918059266	16234.109430744345	36239.038088253794	62665.74359919749	107787.57010513378	177922.55764003852	247990.03462813966	340589.3144508785	397006.8323246055	448355.80437146436	473326.3706969076
261	car_dgr	119.55427003064126	1403.2897470512041	2426.2246880404987	3005.292652965963	6375.111344427101	21442.514636761713	52211.52660933701	130180.65988716127	219303.226164423	284910.1401867864	342577.78154350305	376916.08534228976
262	car_dgr	130.52520077874885	4513.346881227291	16836.241568286416	51677.34677634639	115045.15298550505	233680.33910724815	359100.7872496523	465057.9149790771	564297.4692074666	635907.4504774315	710199.4198216789	746010.9948386902
263	car_dgr	38.43814638870071	6530.303608405227	28461.057882563513	62753.71177043162	124834.90052735456	240222.6413127609	361897.59017935354	465411.5274890533	565717.7633617754	637522.4264081472	711796.6897973703	747854.0963090865
264	car_dgr	181.09336805008772	5283.5813002386	15408.88789969525	35232.06183792208	77669.51040058174	151033.42378912613	233713.2673938186	320376.27198727895	425527.7151704684	488363.3515868245	531096.4495474689	548663.1892120967
265	car_dgr	0	7121.095852928435	28294.101552041262	60637.13073436015	151005.47615863633	322227.46721749776	444424.8091651814	560267.2399771491	649687.8917324207	700211.0356072743	729024.3379821389	742769.4967461941
266	car_dgr	169.50473213157287	1801.7504210476811	3805.5633959352735	16084.214382057471	43588.9760004652	111750.72877696203	201603.61193441926	271067.3170283848	334020.1370277918	369841.62819347886	398336.57301029743	425199.0497817706
267	car_dgr	0.3915501477953534	2853.1113269414827	28996.165160183566	102524.57133952652	213683.71836792355	355291.03510313545	516060.10709684354	615742.6645553543	686202.5499370943	739032.4952460031	768947.5035246279	787892.4966358409
268	car_dgr	47.3408730544239	1790.441692335318	9051.512418871616	25592.664991190784	52685.73244130136	103883.30295335685	182891.20259483167	285106.33407357486	399433.9099766499	536275.8713220933	624176.3500931034	694234.4276821185
269	car_dgr	41.27470630575055	2739.604310442463	15500.868112577602	35675.4246955904	81526.96591248323	150934.52977133822	252950.5748953409	373823.2625331341	522167.08436331264	616776.0631643147	689153.3059300559	736593.1396969089
270	car_dgr	87.57722063181924	4420.109653271434	15761.5647057068	33100.83033346831	43716.221200967826	73762.12016597549	156112.56568208558	238332.47794750327	329081.60424087767	421499.5609831428	511441.87604439066	591058.0818638132
271	car_dgr	86.93044057701138	6919.563615585663	28466.12017973159	72992.8890600465	153750.52155992243	277982.7475597052	446006.2702338469	561579.6398328326	662515.3383555382	704843.5060021263	732839.2858687381	748208.0582624815
272	car_dgr	320.5018677746473	5195.734458479656	19896.57175380005	48721.841913252174	109632.67561433376	191378.37617445673	271994.75081470987	375423.09724783513	516116.74262859765	597402.2261786904	661346.9087383345	698625.9708751003
273	car_dgr	0	3.3593326621714055	1342.3544327745199	4496.86265547281	13632.595320157958	33577.355364757415	55658.27519696993	77394.63119696395	118738.66429680852	176638.8627995607	275586.00184311747	413596.36369810946
274	car_dgr	4.687181464610995	6393.2186616667495	17659.023286744145	40052.47711864694	79150.12536587697	137295.5586152657	227941.65771203366	339100.5951397894	491846.1676785407	592105.1879067274	671038.4253456265	726145.6742508389
275	car_dgr	201.12307591634493	8103.168508639257	42654.871450598694	109846.2905246499	219685.58636894292	357176.47772123513	478419.55897108227	598217.963597789	659322.8108785236	718548.8083808271	760865.3249434188	784754.4744250872
276	car_dgr	0	1763.0739154936382	16955.353350003817	79609.74824080705	171865.22976627023	280091.20256576303	383225.80441054504	494405.7786839792	599495.8684149057	661771.6954751454	696152.7868058395	733940.16117593
277	car_dgr	0	6431.020177466584	15542.974666884347	26764.4042112864	56837.6840985157	150282.87921776954	281697.33072236466	422932.8391215777	550924.1020271515	660628.9309701835	722551.4067862853	762641.1347273149
278	car_dgr	144.7107966733086	9671.593032139383	34330.67939330722	79453.51243242995	164194.59282342775	303358.85975930933	427176.4830934917	546545.268954319	647851.2971335343	700469.1144611308	726153.4421946967	741073.504512193
279	car_dgr	189.9180426550757	4720.237395815486	20489.894392869603	48080.625224781805	112573.80780273036	223931.76556899867	383888.1403964931	507980.6315519981	604190.8341513386	671045.2728196579	702655.3620395543	726164.5213185411
280	car_dgr	127.52477927480085	4521.200389647033	27343.599317923996	59225.28275500866	138591.66148967872	299608.1108562008	435484.66557755147	542841.7294907431	636254.126355966	694212.0833373512	726701.3519462921	740149.7062804132
281	car_dgr	114.14332112716575	5897.795819688287	22768.9457357151	86356.62978247643	188682.2891738179	343321.69183306023	459075.1933505715	552627.6071717957	613473.8603891132	646268.2498048024	662457.1736375113	671673.0914150366
282	car_dgr	406.94682328505417	1705.3470506942676	2476.1788399236857	3012.1709619105986	7053.15477288801	23779.652875024596	64363.245819409916	152404.3419567213	234276.8711219279	300562.5478963973	353420.5627984506	383090.49517706764
283	car_dgr	128.14187276977975	2567.3201383745886	19662.48111303585	40886.77958588282	74347.68072983342	138944.21881333733	215777.3824577756	292328.7663643517	411915.25146493746	488358.7304650362	545847.6973921241	575141.6002795808
284	car_dgr	10.670405957825281	6912.568418198662	20128.556250016605	45457.92883823598	84902.31606534433	150425.79294365732	246242.88776617026	354452.53183539707	509516.6989743338	605373.2107173374	681699.1209329007	732708.4227583806
285	car_dgr	84.86116122816026	13087.223260367504	36296.44088114544	74803.47637009199	169933.511407703	317900.84112468216	439841.0163585124	567020.7762584634	671896.2708053474	734326.6105347492	767653.7442723212	783214.9964385056
286	car_dgr	42.14207371310143	3737.898537200395	13954.535088318047	36094.88601789196	100223.25042409357	232691.70439199492	398736.772381345	509726.50099614996	632080.5298001311	714515.1872170409	759354.2045224609	776972.3486193423
287	car_dgr	284.4036866353022	13656.64083661544	40147.529638249405	96352.51158988936	194788.48078715755	342741.8541626366	469422.4638435188	594296.7010177503	695633.0340484516	749392.1992984115	775846.5337653889	789234.8217914973
288	car_dgr	204.25815284032475	14094.256356139627	41825.359407384545	110916.72614662745	245017.73192648744	406300.32304747147	530072.4524957478	648957.1606760966	720554.7696358695	761372.5715749899	777220.792976486	787531.9296051357
289	car_dgr	46.11963936922244	13496.009035898034	39328.21659802614	101064.39935976204	224583.3400928633	396426.54313247575	518787.8390339473	640974.0987587884	715823.3662752768	759453.5852035988	778995.621639593	790255.4236579853
290	car_dgr	43.04704075960966	1450.0367832804618	8411.671713380207	21664.34161463553	47561.29073316153	81103.20962319185	118345.90802530784	209850.0468485239	331016.35044338973	420105.88996170094	525565.7666767443	578482.0991212464
291	car_dgr	29.90076386842281	3965.7160403129533	17920.645719141685	40353.13703442655	90952.42571336131	212492.54898761606	334637.02329323196	436487.0935953095	502520.31728629814	537461.4182906531	564798.3857456804	585354.2601446551
292	car_dgr	300.45819495883967	6904.164336015247	17668.40143155841	40393.26273459591	90248.84197798773	190054.8720201161	286794.4845684439	362845.6990878001	402208.7288559706	428814.5569187611	458845.11726848147	473077.318921037
293	car_dgr	43.79401196515897	4676.338089516946	18564.988373474738	41008.23544725719	66117.17094215461	94070.3245396705	132922.22872422455	192870.2007516045	267065.0301906306	351098.7013818613	463263.6714110582	543372.662476975
294	car_dgr	92.20707014207406	4270.388075202457	16401.86481240425	47149.42784623404	105457.40897501218	233019.268302548	356854.60932471463	456308.44855013734	520469.94376041304	554274.9463547427	580506.1570669602	600619.6873951321
295	car_dgr	0	4698.18559147429	17794.39295984433	35492.64697999946	46149.28566185273	90291.77991135028	174882.56824707988	262154.2491484176	351729.4711419123	446864.4582648414	539376.0062615424	604761.0502263942
296	car_dgr	18.632071830735292	2803.8838258688224	12051.89772521535	38466.55002108188	107910.4849401021	248659.03663237198	375626.700246924	523352.77522619336	626549.6544672699	696090.3059264343	730732.734572615	746694.1724616891
297	car_dgr	0	5457.932110162688	45017.21764229493	99488.56069397878	187701.02336575204	314233.5704241287	457174.33815545304	584658.0832046751	648553.221786378	705287.1282010291	746586.6314429095	780697.3078405195
298	car_dgr	33.75926274284327	5025.041337549763	26040.40273141049	111096.3892033363	210886.6610699893	309314.62663709064	417646.56909498107	524275.3569682377	606467.6223044789	668299.6610889806	702824.4391038333	737636.6461080664
299	car_dgr	65.71618055685475	5833.0846379722525	25712.682838606823	63823.57197553305	130613.29483321577	241684.27387767576	384130.37263307424	502191.4377190166	614407.667299123	684402.0946694167	719996.4179023886	735624.1892674289
300	car_dgr	0.3342501261667651	2933.894807434188	13113.48449406934	46371.51175781522	138506.4873692954	254009.92735411748	411006.1580344719	530432.3783596723	641295.8770154314	706204.2306989608	753312.9492191713	771926.7786333237
301	car_dgr	179.09976433621367	4045.195238244817	18718.001039151754	62679.122465286964	140065.81218352407	279574.40641001274	436222.5125482042	574500.3215020434	668645.6681944903	720926.8629948129	745311.7594595645	755274.9797293218
302	car_dgr	0	1851.363698819688	14060.855209122126	23430.899706697892	47122.63263805563	107755.48823834819	179438.18170689276	296515.3674116218	428009.77810186625	546995.3917611219	639917.0959909013	689656.7637117044
303	car_dgr	0	2710.233723010598	10976.145554278759	33522.592654789274	119739.98727744762	230458.97807795616	377932.4460768413	502120.4761313551	619360.8277332087	694239.5084884559	740701.8375566205	766816.7283404921
304	car_dgr	0	3523.6416727459923	18837.558926031747	61820.52780976675	157990.10858619685	289747.9370237064	429859.7922604609	553800.6278947591	654983.4794349013	718033.1258595197	756340.8950475929	771853.7434654405
305	car_dgr	70.19252649502066	7302.696550510949	23080.22531888543	77973.79784153971	166458.90424314857	256415.1705913851	347096.7017209734	413338.69783590455	486598.66869081015	566698.7283446233	640128.3428246579	682640.9403141629
306	car_dgr	326.93120149450516	8539.167499642448	26744.41053925122	56642.425919048845	98158.9914084777	176986.45307894776	274364.73421759624	394331.9010685044	532842.5388008832	627408.0461167152	698756.1262547049	744181.167500586
307	car_dgr	213.26371439541634	9411.6943640526315	29235.70332307454	55675.18890697822	96625.50166605868	171505.6352925385	270028.9848840361	386009.8816182819	528659.934096813	618478.8906711377	690930.4183595496	736643.7041713517
308	car_dgr	2.0162715581116077	3994.3443556476545	8877.131339692914	17576.098580761223	37826.6648703647	86483.23379103951	178396.53549776244	268362.25148524606	343562.3946956959	397164.3638345611	443437.6351215696	487402.6327449488
309	car_dgr	0	2153.8580249342613	2842.2560228038824	7250.905615399902	19417.14729829452	36501.06937984036	72748.27668463708	100406.75764778766	171915.853536173	291218.15720563557	389306.3044609222	496788.56153763074
310	car_dgr	246.91573936633054	1745.882995407867	6055.808720217414	13049.098157029897	20931.12021813737	40047.37683959182	79626.8946194649	123864.67688756852	181593.20889622162	259711.7434346893	340719.9487645449	397005.7899210083
311	car_dgr	346.69309262499155	5744.379236666332	19458.651230480093	48771.63725741059	97672.19171922245	212227.944605824	331647.3611970755	428207.2984635843	495589.30264803086	535186.6017168643	570777.213220542	587576.8930852696
312	car_dgr	105.40578529941789	5362.48926734775	18854.153134784723	43387.253175483405	112062.19659469422	259963.444377634	391124.0028286218	540056.1942212012	642477.262915083	709976.4939600509	744551.576077954	766067.8017793912
313	car_dgr	25.202793168716532	2551.5272289510617	5890.810221255235	12541.351498287428	21723.662538254837	30720.914945936176	46401.16880247778	83434.99715213108	126556.99346218402	148167.47436356408	176894.83737324108	236503.26084245383
314	car_dgr	40.145238933432104	4947.237483098818	16353.222929779493	25369.574181878044	58299.78787070266	123588.46726821297	211594.47479303746	351772.91881035914	456084.9616158431	518954.43051161995	553545.6936602298	571037.4138979308
315	car_dgr	20.07506318781803	3091.977868176737	26747.69163198901	76207.47186235552	150852.00021401298	275398.278954423	376196.73805380124	464134.04091621604	546582.059947632	582886.3989124969	597656.192851267	608591.6914224349
316	car_dgr	7.207992413985325	3688.0996322364676	30993.531326453663	131599.76738349363	252230.7383539918	400738.74497627094	530516.8344162962	608214.6501774574	666651.4104616184	698458.8628925454	713796.030435098	719248.3872312028
317	car_dgr	57.76993920032356	6788.4026097237775	9899.410043465457	39938.57701511998	154102.11075662813	291823.4962496706	434521.2011440447	549670.5491350924	622099.9327943356	676958.9018289946	704085.969992399	714921.1911369392
318	car_dgr	181.9312955737208	6820.185333148522	13926.51241849778	25255.710352947284	51211.943493790444	107674.82335328519	229651.7939556656	324008.47358661244	381957.0221681656	412030.16893202707	435396.1002666717	458102.99921879836
319	car_dgr	52.13305423648926	1032.5496533213955	16433.10625657742	53363.09684824125	134694.96658552263	232871.70733723554	339385.56846040033	455750.33458743047	556925.5844962451	640937.0504983116	705079.3620485597	744898.6991521684
320	car_dgr	0.6971502631478244	3645.0835758810163	5466.059163230343	13445.736575256387	22464.89367964665	32382.82636813607	45520.181156411134	68048.69737102209	123729.7783012223	204852.22372640207	281486.6988768129	364198.55989208707
321	car_dgr	17.692647464721755	1644.3260265365877	6732.954449540259	16422.084098212927	48371.48164557288	92278.7123836145	147582.06396498144	200201.95458480998	264067.7967845499	309378.85847485723	347051.62870499847	367871.2156945231
322	car_dgr	17.056733449328156	1305.912828955212	9885.525623971942	34262.50325383393	71243.55245818682	137056.71489625354	237294.11183921492	351426.38749738655	462616.15587342443	553087.6673171348	624500.5085104638	685865.4496061521
323	car_dgr	33.81656276447186	6642.587557546042	33706.521143659986	129344.37286408358	229419.68104603348	330913.3529291361	441339.1351696371	545088.2499282223	621399.1354247142	675450.6166934442	709995.4270351748	742157.2124439308
324	car_dgr	7.577031904559749	3947.6959217069475	20324.950509726543	61768.83181490905	118518.32743347307	211932.78066335458	357421.5742450449	480061.9603096546	596791.1587841258	672850.5557296076	712617.3999989172	732585.2861865005
325	car_dgr	157.60161047512364	4894.286792853889	23470.401013722243	53306.39823693733	102266.88401104655	192708.97252257183	297072.72623538016	416685.7329186386	517966.1933643612	595264.7073777692	665150.4716604039	707723.9414658049
326	car_dgr	95.16149110754566	6906.578742364732	35448.196942825205	72301.38342440911	144027.8999412412	266479.7082810172	417490.8821099118	543976.0033239985	661191.6949723624	727465.710310375	758110.7678652502	767984.2968124417
327	car_dgr	236.0706810224379	6596.865209714893	34935.69263468844	91057.6543584866	181379.98065058186	330697.30558017193	452468.69073046517	572513.388592415	673160.4416311311	721003.8281795628	743628.4196221498	756592.6539997844
328	car_dgr	0	5058.283559310495	18336.671409074064	63525.16276830207	178081.5889514993	319298.73451783106	473210.3396561662	586552.6008671843	689382.1250111568	744223.2165830064	774527.2273929721	791168.6324896874
329	car_dgr	123.12946309023619	7357.661102046648	27525.42743027934	105795.47988770147	241829.52214275982	365610.89086554357	512731.773697699	617114.5506193478	690934.8771198009	730541.734087181	748798.9126093352	755772.5096595412
330	car_dgr	173.08091285546914	7153.490525100561	27168.451072096916	103792.16165090702	238006.5616283254	363438.77728914813	511558.10906183755	613344.5396530228	689532.9148599571	729054.6866255526	748483.1729794928	755714.7412758495
331	car_dgr	0	2417.583939838803	16013.321456832266	47592.81140525324	98760.61410337161	221016.57341656066	375728.68556502945	512524.634902391	630231.460391665	697250.5580357123	728273.7703835076	743772.3166070097
332	car_dgr	37.36141085780273	3251.2606514729214	14843.48796122808	33748.68764938848	92600.37897056095	233546.42344624733	358492.00208072865	506999.9146326731	613171.2993053753	691750.987854452	728741.6243751537	746914.4040024375
333	car_dgr	0	6706.413631417184	23128.585198614914	41634.30230639583	110976.94910598305	211806.33226425797	305564.33901784813	407046.58483014395	506290.50509183254	603319.0745233	662600.6420651027	697035.2892536462
334	car_dgr	914.6515952463407	1611.1333581418314	15247.650355410604	78213.41683577403	181447.88010735682	308320.75692485395	438628.38621337374	566675.5916383527	642518.7508065014	714794.5814200375	761638.8392903281	785475.9524234369
335	car_dgr	0	1302.8329002483704	3638.1225865594824	6299.928190410639	13475.413855264991	37886.28565017005	92445.44516034969	194249.30727052072	300066.5503574334	415530.8849977807	523122.4334799625	604434.8763469552
336	car_dgr	0	530.5762467582417	3763.341396669127	14797.4529914587	53610.60209184582	113276.37528145398	211977.25170743157	349719.45826391794	495943.9177838554	618650.0937076733	693469.7186679429	730920.2150321874
337	car_dgr	109.87588869657834	4641.78221225961	17386.60961293134	42204.31472734594	94848.18749205285	180462.6509686952	308757.4426835905	432423.26292856113	507176.59722234675	558370.7097780453	586009.0260230629	597568.3911639112
338	car_dgr	109.27783708171893	4034.2216311604025	18151.490848761507	60917.45300866611	163275.79930593376	335606.78615512874	455599.7891773169	582220.1978604314	679402.8013239166	738397.9025770369	771227.9003245356	787650.1979528478
339	car_dgr	59.677531734514375	2805.2940584247094	16293.088134558851	80395.93707524234	211989.35920814192	347665.58205917553	487342.27000157314	581818.3127864861	643389.2853521535	687537.2394001741	708645.6053381131	716718.7368504129
340	car_dgr	57.76993920032356	6788.4026097237775	9899.410043465457	39895.88849900669	154102.11075662813	291823.4962496706	434514.86979628657	549670.5491350924	622095.3234297783	676951.2756121133	704085.969992399	714921.1911369392
341	car_dgr	0	745.8432546642326	3150.9061748746503	12332.236619697596	38694.86640577222	73577.88100098055	128311.55163689403	211628.20952035638	367794.1089405092	516611.2673879235	616291.2184540897	688233.4495969587
342	car_dgr	3.2298556137869157	2311.3624165894103	7717.375331210836	13001.543461743102	36124.19601982034	89000.25574476187	148964.52114746065	244051.12061264482	416881.22655523766	518028.797940154	572967.3916859397	596083.523220809
343	car_dgr	0	2730.029684811465	10255.50111019909	53037.50268636069	126341.56113228026	227987.82091991507	390396.3697293253	533102.4220578094	645936.2842756282	722708.5791633965	759186.4334209985	776813.453094688
344	car_dgr	22.976673266904424	4164.433244840404	23657.827207898106	103426.08539706499	243325.81154338323	365245.4696248209	510384.0885673958	619527.0310339506	689454.6742124914	731157.6640162609	748239.841728589	754883.9097660725
345	car_dgr	97.4284159490112	2296.934219045856	15842.02574489875	31608.18880790289	64417.74505547509	87941.05184903214	138511.44292899454	229635.31302032634	318888.7715140802	405021.0092774289	481106.07704987086	513382.9875636793
346	car_dgr	96.26677329741561	1404.1763278450376	6569.1466885666405	20763.68841539631	52396.70128376925	96286.05508795557	170322.92793415755	291388.0852250132	409116.9320005182	507103.426854258	609878.7678327071	654622.7102601649
347	car_dgr	37.708859975809844	4352.532843246296	16721.67438239641	39368.603643952585	64426.00139373367	93096.05118484217	129178.14628761134	187004.29252262326	262298.2411840048	347433.4838394763	459118.3953062151	539885.4523927364
348	car_dgr	4.120120371905726	495.4067347813681	11639.969346506874	34364.00858994158	64575.68343993249	110370.11565436758	166852.9623449403	246306.20193110642	339281.39198658615	465851.96762133035	558205.1946982113	636515.4002045101
349	car_dgr	80.40536337091714	6713.3139353305405	15760.145439053682	40041.09215215301	84509.80517592022	156074.9237440058	235913.80862334085	332870.21016165207	431564.9229018555	494784.21483858087	533233.8133431362	550505.3375538666
350	car_dgr	4.980603313575704	296.9230980380247	4827.415013189068	24614.268066121836	46476.39334501899	69028.49062755855	100961.24039696605	155867.92482556583	235176.8325796401	366663.02766209166	476165.2490500379	572998.3891971326
351	car_dgr	2.1054692445789067	3360.106972719141	30745.82257900062	100112.90024177055	207358.58634188125	305482.1527853861	418255.2972448866	526808.0160298349	603695.1430836043	677235.0165151124	713503.7052091864	749178.8382847446
352	car_dgr	0.8893004461655023	2124.511276412688	5031.421416094643	18653.59415530271	40624.12016639915	89902.85025832661	150513.3446726683	253602.20505610434	368088.01522359124	468785.9054160717	571793.0956197411	637947.0984848372
353	car_dgr	47.05426199063262	5810.050453178075	29743.236251144226	76142.35902420683	171448.33642854032	271961.0076767826	383758.12426111323	481697.7176527426	554949.4912561085	602654.9838544884	637279.1877568061	645512.4465665485
354	car_dgr	36.01565722370572	2048.9004382933845	17665.511255340083	57094.118156767305	138237.54709628015	241040.37746050706	351777.4979452366	458299.2577716309	540402.4605212612	602764.452627846	660553.8783182215	688728.1467440566
355	car_dgr	81.86509019642246	1665.8891071655764	12802.134819108955	26750.220065492143	56549.114534846456	89716.85055033246	144973.25090884618	251290.28152958522	382645.94435531046	494089.4003525656	607983.1558829634	673038.2598757625
356	car_dgr	171.02073151753163	5140.190886727022	9483.282517002863	22016.247268687086	46602.90687536839	81420.2114454467	154530.00485568924	217637.8401379754	299917.92789414787	399170.09033432783	488043.4101496084	562171.6075315437
357	car_dgr	60.6066060930745	2335.977799258258	6394.077482022163	20787.106774762684	39766.3630239932	80345.29626676926	106793.0384064329	158753.76172100386	244435.18591281574	329784.59056908457	400660.8501221946	468500.7442785984
358	car_dgr	99.68493435669042	5356.648976988612	20852.96870876246	58344.29553897798	164415.22330827022	316331.18516970024	453310.9143444138	582306.1975683332	670878.2645447114	724810.9309454088	749000.6552859591	761409.7685084499
359	car_dgr	149.03223589421	8786.659044234259	25158.271871424666	67676.27996520186	133259.68739173692	218770.87495794482	311945.7404881657	446362.15934192645	527804.1676529831	589803.6292536142	624463.4591128003	641867.9173952444
360	car_dgr	136.43135149766874	5852.309059025051	15646.816158258915	29801.963203654865	80052.81244937866	137279.05811061888	242137.1954886073	373299.32919858146	492123.23225442314	607597.379096346	667006.3019606915	724985.3085860425
361	car_dgr	12.606004758289426	6186.520280519974	24679.63746411307	95459.04251599184	205653.21299967097	343782.9307755176	481028.3029226456	595256.7461668075	682738.1969226754	737109.0455991642	766164.839254967	777221.6574228094
362	car_dgr	0	5746.409069051816	15988.941488725188	72714.89378732727	177612.3336166738	301954.3597372399	440301.12561471	541936.8128847325	643171.020752231	715067.162369233	751423.218396504	775096.4828406596
363	car_dgr	94.95282589642503	4074.529060032589	11424.76500071529	28059.264134994362	69180.16937854874	156035.11007090608	284131.7116933184	442510.9491951295	547920.3497553415	640265.7630364355	685997.4258125401	713459.0074429875
364	car_dgr	37.66771766910053	6811.734423595907	18227.55704103193	40005.94358474368	115885.1659042895	221120.6863487183	321328.06754712213	419485.3820478265	517992.40314332925	605034.3730898973	662295.9619445424	704582.053910935
365	car_dgr	10.413727281520877	4203.213684406162	6229.801265637055	15939.905221343393	32364.67554320894	53698.91559477913	94290.44579236154	151021.2146514189	201163.86004535411	242746.00068325613	321984.58545193943	409591.03381680645
366	car_dgr	284.0842428325919	5237.3044333800435	22096.435390849023	51765.09257432879	117052.90657847069	233659.36606104794	395577.3558622627	515146.8323474728	609765.6411752856	675593.8991849929	704437.6968652073	727169.568327019
367	car_dgr	121.78006307091862	5677.089331804729	19671.809532394913	44920.87433652806	117458.6942608064	270702.7101511103	396601.70854882663	541262.0537596733	642356.282594113	710292.0795044997	744489.8563497594	762530.4670019154
368	car_dgr	6.815701864367952	3286.57977231571	10683.916839971618	28281.1450547153	55311.25477244136	98203.53997344701	147735.3095656681	224900.3034406519	309311.5666494082	437987.19560712716	537256.5997536317	618011.6927874462
369	car_dgr	338.3957277117546	5281.244793677232	19924.89565874337	48913.46991791039	79407.38037084804	118321.52064089804	183930.08745626183	278443.8204592056	392035.77416098583	469942.651630227	535571.3287644915	571965.7601371522
370	car_dgr	44.67188116520055	9028.178510349979	21633.097548815487	42944.2075020707	73955.11702355693	118947.74250604231	199111.41723401428	340535.45018625236	465492.332503063	576031.0944616544	669630.859449816	727699.1076981673
371	car_dgr	46.91406992142277	3732.0453680391056	20297.088375758747	40848.05120094607	62235.64129623228	94593.3600560102	147950.4314685743	223331.97473604896	352759.43669785815	470695.8111827515	566582.4119208879	647882.9992976357
372	car_dgr	36.1729558344664	3030.310276308144	16871.679546033574	33661.697725541104	52086.607360004666	64553.59600865883	104491.864318847	171162.57871746103	266950.3826388861	415100.7691568606	522373.27987494395	617851.0894450491
373	car_dgr	1.4099742414345542	7632.113535929462	21888.65904009436	34584.350400807336	56137.37274184251	77459.40602589567	100958.01481319396	135864.2667989665	187362.32650924375	250954.94853777078	337704.3602792766	458500.4882674542
374	car_dgr	187.25914118041118	4543.939759079969	18517.54234777263	39203.001702679125	79372.50534708114	185056.60492070994	346312.0759165614	489542.10501456243	612776.7290888613	695213.8796036174	739105.7947570973	760283.4218865002
375	car_dgr	250.88512404709329	3945.439396169153	14652.576049010155	44240.875196931745	79888.89302170614	147590.34330006034	272267.7120811113	418803.44795391685	548327.1217480714	662594.5791995964	732776.3930227334	758664.0583709399
376	car_dgr	9.672618466614232	2941.1466371286638	12564.11547276925	28459.478456202563	57381.52757142829	118873.18143616781	260790.33474873716	412666.02691282216	559630.6036185661	656303.2962412952	721789.4853043488	751981.7275605715
377	car_dgr	228.01625002899618	7984.30182809804	57476.975212125566	158492.16926708983	325664.0271150819	450371.0936767552	572904.9250944243	668385.2587424689	716993.5458139821	744572.1348899052	758602.5017940989	764241.8299667862
378	car_dgr	189.42246112372243	4346.9192581704565	20706.789556269196	65141.00135076464	191825.72185147935	322278.47923075134	465986.13377457595	587315.4106572965	671319.9257725512	720574.896534952	743998.3176667345	752720.4620928628
379	car_dgr	112.53689764153017	2357.445282541562	14808.23778938279	30670.518722573914	62043.17514494853	127807.10643343734	277463.0892858936	429733.681057649	569788.2979109955	656384.1140689771	708798.7930864888	735719.7961841621
380	car_dgr	17.213813326504084	660.420304516584	7158.436536068409	34139.276644629	106031.2010277959	221935.4311664914	358411.7974412285	502059.6165591054	625856.8469158305	708457.9780082826	748112.6263392606	767627.4135365583
381	car_dgr	0	5018.909211970176	15496.50097560631	34321.70377124465	69042.54573578446	136145.50554548073	285925.71269403637	453608.8697572052	543428.9771032737	596006.8275052259	622485.1391950992	634125.2088999043
382	car_dgr	48.76186681184478	3301.2239509528176	7332.949981345774	18064.018032562464	44401.84553637305	73846.0110282815	122726.50281298644	202099.19172624894	323084.7573087666	429049.9901181203	503559.26007653895	561296.6415734782
383	car_dgr	176.9871544358794	5692.925922952011	24194.994734944008	94420.51787217344	230166.90732231576	353317.0299436849	501685.62749011867	612149.4813136322	690005.2788367419	733943.3122313138	757782.2497161736	767485.5764948428
384	car_dgr	95.88792511396352	4077.393907819187	21117.534714234753	59412.75631607339	140033.8175216987	289539.493538476	414152.7047519843	553553.839000842	652991.1456021899	710177.6552083965	741392.4735109238	757950.5331226365
385	car_dgr	0	619.1582141592291	8175.225747919737	27568.677780352675	48864.81905498326	73352.91169680793	110848.07051722113	166064.76593436766	255803.65485788882	395318.90713207575	495020.7823204397	588553.0305390395
386	car_dgr	0	237.39596638321274	7999.4296477891085	27220.14055951309	48756.41383086048	73203.14711749926	119907.1563442479	195575.36856015437	298413.03059602407	441436.93298759544	543943.4815541388	630546.4722622335
387	car_dgr	0	5398.83462931228	16296.368775018636	32527.023636708305	51184.669411534625	68392.77508988163	107342.64701384865	180513.94961903672	296340.91325169906	432947.1251509683	543624.2884056928	633327.1865369154
388	car_dgr	34.685646641487025	1842.607488429155	19498.877578767246	63955.25663889353	152243.2400951968	251081.94454267487	360610.9545183135	479429.2030037884	570535.9030594719	650801.760645458	711536.4789915668	750432.3249579003
389	car_dgr	0	3058.2400226858044	25382.151509462026	65104.85997747213	163371.29476343855	257005.48535798248	367611.70538563374	482746.79356370907	572046.9568303206	650328.6364302017	696647.0925130218	728798.8876634052
390	car_dgr	61.47722728814077	4010.868233927731	19552.045489541804	44142.52229892838	101993.27422973885	233041.40604775283	351966.343756212	446030.38068854786	507760.3959851543	542218.8822453689	570075.8998223763	587024.8419766781
391	car_dgr	1.7966439199015551	3866.550576009507	15759.860624163082	45315.701140654826	102815.12351889974	230762.83031725333	355795.80993189383	456894.8052718549	524214.9191339924	560954.8206318605	589182.7669471389	610062.9324835105
392	car_dgr	97.29459609618192	4394.49850171676	17339.713619949325	35185.647601603414	87168.37897492433	159947.3450087998	283294.58664662985	416275.0434420593	501996.77987391857	557906.7062033141	589052.6228760073	609742.4506606385
394	car_dgr	88.03602675915508	5891.305150442529	24524.80265920592	60136.51407516774	131164.53249333022	274477.235577195	435914.5476118683	572779.8919291734	658102.4150566636	709824.7422174008	736157.6151305061	749073.8020174557
395	car_dgr	110.15455598718734	1193.0120631778784	5277.20072230566	15595.643412292959	45996.41510505042	101965.18992304975	202690.58974266326	374983.5046581101	545439.7273148543	654635.3718637718	709678.944855856	735913.4145951822
396	car_dgr	102.14010878070806	4906.261679095772	15034.261671257469	30745.51005554464	49281.02594268973	66167.73313626081	101613.48522178516	174587.68967323174	278471.6949239482	421101.19557157025	534020.2328852785	626020.5509146126
397	car_dgr	12.693722420770568	4065.674609957352	42917.89912786383	126021.06254168542	279347.9060017642	423847.60188125045	545801.4035933763	652208.298934981	716030.7315921312	750490.6817266037	767430.4657036664	774405.0620452152
398	car_dgr	230.74152921390933	7399.085178871677	37865.88679922077	92285.85132118766	177843.16255482263	317707.73252065846	442118.18378784176	565568.7664810284	669428.2766344002	719731.3315089165	743028.6307963767	756103.2371877064
399	car_dgr	12.68844592100406	1481.947560660377	15282.17099688388	37203.72812437166	67526.29433424311	122299.27953067797	198099.89775104373	278577.7434968094	392483.2658133964	473670.9856921068	535031.0265756026	569732.5485805718
400	car_dgr	295.8334486731835	3639.722474129445	14949.5303401892	34733.73294488956	60001.19906503275	100419.8959518317	168769.51421445605	237768.1045931159	329524.08799994114	392289.3215439238	444936.4864196209	471663.4858692315
401	car_dgr	164.89371069168448	1310.6045251172532	7596.292683109354	14329.140188431113	23065.261455884975	40067.32170037778	70856.47403697796	97865.06273620814	141327.4066326864	231218.84184978754	308174.071944629	365045.87749899446
403	car_dgr	20.900775977309852	5597.495083018606	44376.67364275426	168194.1337120547	309078.7714743617	444092.0424907087	574327.558353996	666418.8640083588	726743.9593024483	756217.6963114653	768093.0714598316	774240.7927801602
404	car_dgr	535.1387376592754	2248.3885439512605	3485.13523723278	3525.003024621211	4672.71066848106	13819.197443114308	33779.59173698933	55831.68430573689	77577.5328776438	115532.12174782304	165476.15563618968	252732.18062177245
405	car_dgr	12.201700158502042	1000.9268647225691	12379.582541633512	57528.43686296905	131736.42671124823	238690.01407982878	404987.9060777575	528220.2533560474	649844.3181899072	725493.2118471871	761726.127301738	777991.9279069818
406	car_dgr	0	2468.933128148189	15184.852119530213	73654.64681092436	181362.47682010007	361579.57553204044	487708.8529879295	615990.4781485187	699269.9498838381	749077.4920113728	773494.7695116804	786480.5836747525
